id,label,name,ontology,code,uri,synonyms
dataset_0,Dataset,EHR,,,,
field_0,Field,patient_id,,,,
dcfield_0,DublinCore,identifier,,,,
value_0,Value,P000001,,,,
dataset_1,Dataset,EHR,,,,
field_1,Field,patient_id,,,,
dcfield_1,DublinCore,identifier,,,,
value_1,Value,P000002,,,,
dataset_2,Dataset,EHR,,,,
field_2,Field,patient_id,,,,
dcfield_2,DublinCore,identifier,,,,
value_2,Value,P000003,,,,
dataset_3,Dataset,EHR,,,,
field_3,Field,patient_id,,,,
dcfield_3,DublinCore,identifier,,,,
value_3,Value,P000004,,,,
dataset_4,Dataset,EHR,,,,
field_4,Field,patient_id,,,,
dcfield_4,DublinCore,identifier,,,,
value_4,Value,P000005,,,,
dataset_5,Dataset,EHR,,,,
field_5,Field,patient_id,,,,
dcfield_5,DublinCore,identifier,,,,
value_5,Value,P000006,,,,
dataset_6,Dataset,EHR,,,,
field_6,Field,patient_id,,,,
dcfield_6,DublinCore,identifier,,,,
value_6,Value,P000007,,,,
dataset_7,Dataset,EHR,,,,
field_7,Field,patient_id,,,,
dcfield_7,DublinCore,identifier,,,,
value_7,Value,P000008,,,,
dataset_8,Dataset,EHR,,,,
field_8,Field,patient_id,,,,
dcfield_8,DublinCore,identifier,,,,
value_8,Value,P000009,,,,
dataset_9,Dataset,EHR,,,,
field_9,Field,patient_id,,,,
dcfield_9,DublinCore,identifier,,,,
value_9,Value,P000010,,,,
dataset_10,Dataset,EHR,,,,
field_10,Field,patient_id,,,,
dcfield_10,DublinCore,identifier,,,,
value_10,Value,P000011,,,,
dataset_11,Dataset,EHR,,,,
field_11,Field,patient_id,,,,
dcfield_11,DublinCore,identifier,,,,
value_11,Value,P000012,,,,
dataset_12,Dataset,EHR,,,,
field_12,Field,patient_id,,,,
dcfield_12,DublinCore,identifier,,,,
value_12,Value,P000013,,,,
dataset_13,Dataset,EHR,,,,
field_13,Field,patient_id,,,,
dcfield_13,DublinCore,identifier,,,,
value_13,Value,P000014,,,,
dataset_14,Dataset,EHR,,,,
field_14,Field,patient_id,,,,
dcfield_14,DublinCore,identifier,,,,
value_14,Value,P000015,,,,
dataset_15,Dataset,EHR,,,,
field_15,Field,patient_id,,,,
dcfield_15,DublinCore,identifier,,,,
value_15,Value,P000016,,,,
dataset_16,Dataset,EHR,,,,
field_16,Field,patient_id,,,,
dcfield_16,DublinCore,identifier,,,,
value_16,Value,P000017,,,,
dataset_17,Dataset,EHR,,,,
field_17,Field,patient_id,,,,
dcfield_17,DublinCore,identifier,,,,
value_17,Value,P000018,,,,
dataset_18,Dataset,EHR,,,,
field_18,Field,patient_id,,,,
dcfield_18,DublinCore,identifier,,,,
value_18,Value,P000019,,,,
dataset_19,Dataset,EHR,,,,
field_19,Field,patient_id,,,,
dcfield_19,DublinCore,identifier,,,,
value_19,Value,P000020,,,,
dataset_20,Dataset,EHR,,,,
field_20,Field,patient_id,,,,
dcfield_20,DublinCore,identifier,,,,
value_20,Value,P000021,,,,
dataset_21,Dataset,EHR,,,,
field_21,Field,patient_id,,,,
dcfield_21,DublinCore,identifier,,,,
value_21,Value,P000022,,,,
dataset_22,Dataset,EHR,,,,
field_22,Field,patient_id,,,,
dcfield_22,DublinCore,identifier,,,,
value_22,Value,P000023,,,,
dataset_23,Dataset,EHR,,,,
field_23,Field,patient_id,,,,
dcfield_23,DublinCore,identifier,,,,
value_23,Value,P000024,,,,
dataset_24,Dataset,EHR,,,,
field_24,Field,patient_id,,,,
dcfield_24,DublinCore,identifier,,,,
value_24,Value,P000025,,,,
dataset_25,Dataset,EHR,,,,
field_25,Field,patient_id,,,,
dcfield_25,DublinCore,identifier,,,,
value_25,Value,P000026,,,,
dataset_26,Dataset,EHR,,,,
field_26,Field,patient_id,,,,
dcfield_26,DublinCore,identifier,,,,
value_26,Value,P000027,,,,
dataset_27,Dataset,EHR,,,,
field_27,Field,patient_id,,,,
dcfield_27,DublinCore,identifier,,,,
value_27,Value,P000028,,,,
dataset_28,Dataset,EHR,,,,
field_28,Field,patient_id,,,,
dcfield_28,DublinCore,identifier,,,,
value_28,Value,P000029,,,,
dataset_29,Dataset,EHR,,,,
field_29,Field,patient_id,,,,
dcfield_29,DublinCore,identifier,,,,
value_29,Value,P000030,,,,
dataset_30,Dataset,EHR,,,,
field_30,Field,patient_id,,,,
dcfield_30,DublinCore,identifier,,,,
value_30,Value,P000031,,,,
dataset_31,Dataset,EHR,,,,
field_31,Field,patient_id,,,,
dcfield_31,DublinCore,identifier,,,,
value_31,Value,P000032,,,,
dataset_32,Dataset,EHR,,,,
field_32,Field,patient_id,,,,
dcfield_32,DublinCore,identifier,,,,
value_32,Value,P000033,,,,
dataset_33,Dataset,EHR,,,,
field_33,Field,patient_id,,,,
dcfield_33,DublinCore,identifier,,,,
value_33,Value,P000034,,,,
dataset_34,Dataset,EHR,,,,
field_34,Field,patient_id,,,,
dcfield_34,DublinCore,identifier,,,,
value_34,Value,P000035,,,,
dataset_35,Dataset,EHR,,,,
field_35,Field,patient_id,,,,
dcfield_35,DublinCore,identifier,,,,
value_35,Value,P000036,,,,
dataset_36,Dataset,EHR,,,,
field_36,Field,patient_id,,,,
dcfield_36,DublinCore,identifier,,,,
value_36,Value,P000037,,,,
dataset_37,Dataset,EHR,,,,
field_37,Field,patient_id,,,,
dcfield_37,DublinCore,identifier,,,,
value_37,Value,P000038,,,,
dataset_38,Dataset,EHR,,,,
field_38,Field,patient_id,,,,
dcfield_38,DublinCore,identifier,,,,
value_38,Value,P000039,,,,
dataset_39,Dataset,EHR,,,,
field_39,Field,patient_id,,,,
dcfield_39,DublinCore,identifier,,,,
value_39,Value,P000040,,,,
dataset_40,Dataset,EHR,,,,
field_40,Field,patient_id,,,,
dcfield_40,DublinCore,identifier,,,,
value_40,Value,P000041,,,,
dataset_41,Dataset,EHR,,,,
field_41,Field,patient_id,,,,
dcfield_41,DublinCore,identifier,,,,
value_41,Value,P000042,,,,
dataset_42,Dataset,EHR,,,,
field_42,Field,patient_id,,,,
dcfield_42,DublinCore,identifier,,,,
value_42,Value,P000043,,,,
dataset_43,Dataset,EHR,,,,
field_43,Field,patient_id,,,,
dcfield_43,DublinCore,identifier,,,,
value_43,Value,P000044,,,,
dataset_44,Dataset,EHR,,,,
field_44,Field,patient_id,,,,
dcfield_44,DublinCore,identifier,,,,
value_44,Value,P000045,,,,
dataset_45,Dataset,EHR,,,,
field_45,Field,patient_id,,,,
dcfield_45,DublinCore,identifier,,,,
value_45,Value,P000046,,,,
dataset_46,Dataset,EHR,,,,
field_46,Field,patient_id,,,,
dcfield_46,DublinCore,identifier,,,,
value_46,Value,P000047,,,,
dataset_47,Dataset,EHR,,,,
field_47,Field,patient_id,,,,
dcfield_47,DublinCore,identifier,,,,
value_47,Value,P000048,,,,
dataset_48,Dataset,EHR,,,,
field_48,Field,patient_id,,,,
dcfield_48,DublinCore,identifier,,,,
value_48,Value,P000049,,,,
dataset_49,Dataset,EHR,,,,
field_49,Field,patient_id,,,,
dcfield_49,DublinCore,identifier,,,,
value_49,Value,P000050,,,,
dataset_50,Dataset,EHR,,,,
field_50,Field,diagnosis,,,,
dcfield_50,DublinCore,subject,,,,
value_50,Diagnosis,Diabetes,,,,
concept_50_0,Concept,Diabetes mellitus,SNOMEDCT,44054006,http://purl.bioontology.org/ontology/SNOMEDCT/44054006,high blood sugar|sugar diabetes|dm
dataset_51,Dataset,EHR,,,,
field_51,Field,diagnosis,,,,
dcfield_51,DublinCore,subject,,,,
value_51,Diagnosis,Cancer,,,,
dataset_52,Dataset,EHR,,,,
field_52,Field,diagnosis,,,,
dcfield_52,DublinCore,subject,,,,
value_52,Diagnosis,Hypertension,,,,
concept_52_0,Concept,Hypertensive disorder,SNOMEDCT,38341003,http://purl.bioontology.org/ontology/SNOMEDCT/38341003,high blood pressure|htn
dataset_53,Dataset,EHR,,,,
field_53,Field,diagnosis,,,,
dcfield_53,DublinCore,subject,,,,
value_53,Diagnosis,Heart Failure,,,,
dataset_54,Dataset,EHR,,,,
field_54,Field,diagnosis,,,,
dcfield_54,DublinCore,subject,,,,
value_54,Diagnosis,COPD,,,,
dataset_55,Dataset,EHR,,,,
field_55,Field,diagnosis,,,,
dcfield_55,DublinCore,subject,,,,
value_55,Diagnosis,Stroke,,,,
dataset_56,Dataset,EHR,,,,
field_56,Field,diagnosis,,,,
dcfield_56,DublinCore,subject,,,,
value_56,Diagnosis,Asthma,,,,
concept_56_0,Concept,Asthma,SNOMEDCT,195967001,http://purl.bioontology.org/ontology/SNOMEDCT/195967001,bronchial asthma
dataset_57,Dataset,EHR,,,,
field_57,Field,treatment,,,,
dcfield_57,DublinCore,description,,,,
value_57,Drug,Metformin,,,,
concept_57_0,Concept,metformin,RXNORM,6809,http://purl.bioontology.org/ontology/RXNORM/6809,
dataset_58,Dataset,EHR,,,,
field_58,Field,treatment,,,,
dcfield_58,DublinCore,description,,,,
value_58,Drug,Beta Blocker,,,,
dataset_59,Dataset,EHR,,,,
field_59,Field,treatment,,,,
dcfield_59,DublinCore,description,,,,
value_59,Drug,Chemotherapy,,,,
dataset_60,Dataset,EHR,,,,
field_60,Field,treatment,,,,
dcfield_60,DublinCore,description,,,,
value_60,Drug,Amlodipine,,,,
dataset_61,Dataset,EHR,,,,
field_61,Field,treatment,,,,
dcfield_61,DublinCore,description,,,,
value_61,Drug,Insulin,,,,
concept_61_0,Concept,Insulin,RXNORM,28518,http://purl.bioontology.org/ontology/RXNORM/28518,
dataset_62,Dataset,EHR,,,,
field_62,Field,treatment,,,,
dcfield_62,DublinCore,description,,,,
value_62,Drug,Inhaler,,,,
dataset_63,Dataset,EHR,,,,
field_63,Field,treatment,,,,
dcfield_63,DublinCore,description,,,,
value_63,Drug,Radiation Therapy,,,,
dataset_64,Dataset,EHR,,,,
field_64,Field,visit_date,,,,
dcfield_64,DublinCore,date,,,,
value_64,Value,2020-03-11,,,,
dataset_65,Dataset,EHR,,,,
field_65,Field,visit_date,,,,
dcfield_65,DublinCore,date,,,,
value_65,Value,2023-12-05,,,,
dataset_66,Dataset,EHR,,,,
field_66,Field,visit_date,,,,
dcfield_66,DublinCore,date,,,,
value_66,Value,2015-01-07,,,,
dataset_67,Dataset,EHR,,,,
field_67,Field,visit_date,,,,
dcfield_67,DublinCore,date,,,,
value_67,Value,2023-02-02,,,,
dataset_68,Dataset,EHR,,,,
field_68,Field,visit_date,,,,
dcfield_68,DublinCore,date,,,,
value_68,Value,2016-03-26,,,,
dataset_69,Dataset,EHR,,,,
field_69,Field,visit_date,,,,
dcfield_69,DublinCore,date,,,,
value_69,Value,2022-07-20,,,,
dataset_70,Dataset,EHR,,,,
field_70,Field,visit_date,,,,
dcfield_70,DublinCore,date,,,,
value_70,Value,2017-06-04,,,,
dataset_71,Dataset,EHR,,,,
field_71,Field,visit_date,,,,
dcfield_71,DublinCore,date,,,,
value_71,Value,2021-05-02,,,,
dataset_72,Dataset,EHR,,,,
field_72,Field,visit_date,,,,
dcfield_72,DublinCore,date,,,,
value_72,Value,2016-09-10,,,,
dataset_73,Dataset,EHR,,,,
field_73,Field,visit_date,,,,
dcfield_73,DublinCore,date,,,,
value_73,Value,2019-08-26,,,,
dataset_74,Dataset,EHR,,,,
field_74,Field,visit_date,,,,
dcfield_74,DublinCore,date,,,,
value_74,Value,2022-09-18,,,,
dataset_75,Dataset,EHR,,,,
field_75,Field,visit_date,,,,
dcfield_75,DublinCore,date,,,,
value_75,Value,2021-07-17,,,,
dataset_76,Dataset,EHR,,,,
field_76,Field,visit_date,,,,
dcfield_76,DublinCore,date,,,,
value_76,Value,2024-06-04,,,,
dataset_77,Dataset,EHR,,,,
field_77,Field,visit_date,,,,
dcfield_77,DublinCore,date,,,,
value_77,Value,2021-10-27,,,,
dataset_78,Dataset,EHR,,,,
field_78,Field,visit_date,,,,
dcfield_78,DublinCore,date,,,,
value_78,Value,2017-05-15,,,,
dataset_79,Dataset,EHR,,,,
field_79,Field,visit_date,,,,
dcfield_79,DublinCore,date,,,,
value_79,Value,2015-09-24,,,,
dataset_80,Dataset,EHR,,,,
field_80,Field,visit_date,,,,
dcfield_80,DublinCore,date,,,,
value_80,Value,2023-05-20,,,,
dataset_81,Dataset,EHR,,,,
field_81,Field,visit_date,,,,
dcfield_81,DublinCore,date,,,,
value_81,Value,2016-03-27,,,,
dataset_82,Dataset,EHR,,,,
field_82,Field,visit_date,,,,
dcfield_82,DublinCore,date,,,,
value_82,Value,2019-12-24,,,,
dataset_83,Dataset,EHR,,,,
field_83,Field,visit_date,,,,
dcfield_83,DublinCore,date,,,,
value_83,Value,2017-07-07,,,,
dataset_84,Dataset,EHR,,,,
field_84,Field,visit_date,,,,
dcfield_84,DublinCore,date,,,,
value_84,Value,2015-02-28,,,,
dataset_85,Dataset,EHR,,,,
field_85,Field,visit_date,,,,
dcfield_85,DublinCore,date,,,,
value_85,Value,2019-01-14,,,,
dataset_86,Dataset,EHR,,,,
field_86,Field,visit_date,,,,
dcfield_86,DublinCore,date,,,,
value_86,Value,2020-03-25,,,,
dataset_87,Dataset,EHR,,,,
field_87,Field,visit_date,,,,
dcfield_87,DublinCore,date,,,,
value_87,Value,2024-08-05,,,,
dataset_88,Dataset,EHR,,,,
field_88,Field,visit_date,,,,
dcfield_88,DublinCore,date,,,,
value_88,Value,2024-06-01,,,,
dataset_89,Dataset,EHR,,,,
field_89,Field,visit_date,,,,
dcfield_89,DublinCore,date,,,,
value_89,Value,2016-05-22,,,,
dataset_90,Dataset,EHR,,,,
field_90,Field,visit_date,,,,
dcfield_90,DublinCore,date,,,,
value_90,Value,2023-08-03,,,,
dataset_91,Dataset,EHR,,,,
field_91,Field,visit_date,,,,
dcfield_91,DublinCore,date,,,,
value_91,Value,2024-08-10,,,,
dataset_92,Dataset,EHR,,,,
field_92,Field,visit_date,,,,
dcfield_92,DublinCore,date,,,,
value_92,Value,2018-07-08,,,,
dataset_93,Dataset,EHR,,,,
field_93,Field,visit_date,,,,
dcfield_93,DublinCore,date,,,,
value_93,Value,2020-02-09,,,,
dataset_94,Dataset,EHR,,,,
field_94,Field,visit_date,,,,
dcfield_94,DublinCore,date,,,,
value_94,Value,2018-11-01,,,,
dataset_95,Dataset,EHR,,,,
field_95,Field,visit_date,,,,
dcfield_95,DublinCore,date,,,,
value_95,Value,2023-01-17,,,,
dataset_96,Dataset,EHR,,,,
field_96,Field,visit_date,,,,
dcfield_96,DublinCore,date,,,,
value_96,Value,2015-05-07,,,,
dataset_97,Dataset,EHR,,,,
field_97,Field,visit_date,,,,
dcfield_97,DublinCore,date,,,,
value_97,Value,2015-04-24,,,,
dataset_98,Dataset,EHR,,,,
field_98,Field,visit_date,,,,
dcfield_98,DublinCore,date,,,,
value_98,Value,2016-09-19,,,,
dataset_99,Dataset,EHR,,,,
field_99,Field,visit_date,,,,
dcfield_99,DublinCore,date,,,,
value_99,Value,2021-01-10,,,,
dataset_100,Dataset,EHR,,,,
field_100,Field,visit_date,,,,
dcfield_100,DublinCore,date,,,,
value_100,Value,2019-12-20,,,,
dataset_101,Dataset,EHR,,,,
field_101,Field,visit_date,,,,
dcfield_101,DublinCore,date,,,,
value_101,Value,2015-10-21,,,,
dataset_102,Dataset,EHR,,,,
field_102,Field,visit_date,,,,
dcfield_102,DublinCore,date,,,,
value_102,Value,2024-05-21,,,,
dataset_103,Dataset,EHR,,,,
field_103,Field,visit_date,,,,
dcfield_103,DublinCore,date,,,,
value_103,Value,2020-11-13,,,,
dataset_104,Dataset,EHR,,,,
field_104,Field,visit_date,,,,
dcfield_104,DublinCore,date,,,,
value_104,Value,2024-05-29,,,,
dataset_105,Dataset,EHR,,,,
field_105,Field,visit_date,,,,
dcfield_105,DublinCore,date,,,,
value_105,Value,2021-04-30,,,,
dataset_106,Dataset,EHR,,,,
field_106,Field,visit_date,,,,
dcfield_106,DublinCore,date,,,,
value_106,Value,2021-10-07,,,,
dataset_107,Dataset,EHR,,,,
field_107,Field,visit_date,,,,
dcfield_107,DublinCore,date,,,,
value_107,Value,2020-02-14,,,,
dataset_108,Dataset,EHR,,,,
field_108,Field,visit_date,,,,
dcfield_108,DublinCore,date,,,,
value_108,Value,2022-12-13,,,,
dataset_109,Dataset,EHR,,,,
field_109,Field,visit_date,,,,
dcfield_109,DublinCore,date,,,,
value_109,Value,2018-07-31,,,,
dataset_110,Dataset,EHR,,,,
field_110,Field,visit_date,,,,
dcfield_110,DublinCore,date,,,,
value_110,Value,2016-03-31,,,,
dataset_111,Dataset,EHR,,,,
field_111,Field,visit_date,,,,
dcfield_111,DublinCore,date,,,,
value_111,Value,2017-03-10,,,,
dataset_112,Dataset,EHR,,,,
field_112,Field,visit_date,,,,
dcfield_112,DublinCore,date,,,,
value_112,Value,2016-08-25,,,,
dataset_113,Dataset,EHR,,,,
field_113,Field,visit_date,,,,
dcfield_113,DublinCore,date,,,,
value_113,Value,2022-04-14,,,,
dataset_114,Dataset,EHR,,,,
field_114,Field,outcome,,,,
dcfield_114,DublinCore,coverage,,,,
value_114,Value,Recovered,,,,
dataset_115,Dataset,EHR,,,,
field_115,Field,outcome,,,,
dcfield_115,DublinCore,coverage,,,,
value_115,Value,Improved,,,,
dataset_116,Dataset,EHR,,,,
field_116,Field,outcome,,,,
dcfield_116,DublinCore,coverage,,,,
value_116,Value,Deceased,,,,
dataset_117,Dataset,EHR,,,,
field_117,Field,outcome,,,,
dcfield_117,DublinCore,coverage,,,,
value_117,Value,Stable,,,,
dataset_118,Dataset,EHR,,,,
field_118,Field,outcome,,,,
dcfield_118,DublinCore,coverage,,,,
value_118,Value,Deteriorated,,,,
dataset_119,Dataset,Clinical Trials,,,,
field_119,Field,trial_id,,,,
dcfield_119,DublinCore,identifier,,,,
value_119,Value,NCT100000,,,,
dataset_120,Dataset,Clinical Trials,,,,
field_120,Field,trial_id,,,,
dcfield_120,DublinCore,identifier,,,,
value_120,Value,NCT100001,,,,
dataset_121,Dataset,Clinical Trials,,,,
field_121,Field,trial_id,,,,
dcfield_121,DublinCore,identifier,,,,
value_121,Value,NCT100002,,,,
dataset_122,Dataset,Clinical Trials,,,,
field_122,Field,trial_id,,,,
dcfield_122,DublinCore,identifier,,,,
value_122,Value,NCT100003,,,,
dataset_123,Dataset,Clinical Trials,,,,
field_123,Field,trial_id,,,,
dcfield_123,DublinCore,identifier,,,,
value_123,Value,NCT100004,,,,
dataset_124,Dataset,Clinical Trials,,,,
field_124,Field,trial_id,,,,
dcfield_124,DublinCore,identifier,,,,
value_124,Value,NCT100005,,,,
dataset_125,Dataset,Clinical Trials,,,,
field_125,Field,trial_id,,,,
dcfield_125,DublinCore,identifier,,,,
value_125,Value,NCT100006,,,,
dataset_126,Dataset,Clinical Trials,,,,
field_126,Field,trial_id,,,,
dcfield_126,DublinCore,identifier,,,,
value_126,Value,NCT100007,,,,
dataset_127,Dataset,Clinical Trials,,,,
field_127,Field,trial_id,,,,
dcfield_127,DublinCore,identifier,,,,
value_127,Value,NCT100008,,,,
dataset_128,Dataset,Clinical Trials,,,,
field_128,Field,trial_id,,,,
dcfield_128,DublinCore,identifier,,,,
value_128,Value,NCT100009,,,,
dataset_129,Dataset,Clinical Trials,,,,
field_129,Field,trial_id,,,,
dcfield_129,DublinCore,identifier,,,,
value_129,Value,NCT100010,,,,
dataset_130,Dataset,Clinical Trials,,,,
field_130,Field,trial_id,,,,
dcfield_130,DublinCore,identifier,,,,
value_130,Value,NCT100011,,,,
dataset_131,Dataset,Clinical Trials,,,,
field_131,Field,trial_id,,,,
dcfield_131,DublinCore,identifier,,,,
value_131,Value,NCT100012,,,,
dataset_132,Dataset,Clinical Trials,,,,
field_132,Field,trial_id,,,,
dcfield_132,DublinCore,identifier,,,,
value_132,Value,NCT100013,,,,
dataset_133,Dataset,Clinical Trials,,,,
field_133,Field,trial_id,,,,
dcfield_133,DublinCore,identifier,,,,
value_133,Value,NCT100014,,,,
dataset_134,Dataset,Clinical Trials,,,,
field_134,Field,trial_id,,,,
dcfield_134,DublinCore,identifier,,,,
value_134,Value,NCT100015,,,,
dataset_135,Dataset,Clinical Trials,,,,
field_135,Field,trial_id,,,,
dcfield_135,DublinCore,identifier,,,,
value_135,Value,NCT100016,,,,
dataset_136,Dataset,Clinical Trials,,,,
field_136,Field,trial_id,,,,
dcfield_136,DublinCore,identifier,,,,
value_136,Value,NCT100017,,,,
dataset_137,Dataset,Clinical Trials,,,,
field_137,Field,trial_id,,,,
dcfield_137,DublinCore,identifier,,,,
value_137,Value,NCT100018,,,,
dataset_138,Dataset,Clinical Trials,,,,
field_138,Field,trial_id,,,,
dcfield_138,DublinCore,identifier,,,,
value_138,Value,NCT100019,,,,
dataset_139,Dataset,Clinical Trials,,,,
field_139,Field,trial_id,,,,
dcfield_139,DublinCore,identifier,,,,
value_139,Value,NCT100020,,,,
dataset_140,Dataset,Clinical Trials,,,,
field_140,Field,trial_id,,,,
dcfield_140,DublinCore,identifier,,,,
value_140,Value,NCT100021,,,,
dataset_141,Dataset,Clinical Trials,,,,
field_141,Field,trial_id,,,,
dcfield_141,DublinCore,identifier,,,,
value_141,Value,NCT100022,,,,
dataset_142,Dataset,Clinical Trials,,,,
field_142,Field,trial_id,,,,
dcfield_142,DublinCore,identifier,,,,
value_142,Value,NCT100023,,,,
dataset_143,Dataset,Clinical Trials,,,,
field_143,Field,trial_id,,,,
dcfield_143,DublinCore,identifier,,,,
value_143,Value,NCT100024,,,,
dataset_144,Dataset,Clinical Trials,,,,
field_144,Field,trial_id,,,,
dcfield_144,DublinCore,identifier,,,,
value_144,Value,NCT100025,,,,
dataset_145,Dataset,Clinical Trials,,,,
field_145,Field,trial_id,,,,
dcfield_145,DublinCore,identifier,,,,
value_145,Value,NCT100026,,,,
dataset_146,Dataset,Clinical Trials,,,,
field_146,Field,trial_id,,,,
dcfield_146,DublinCore,identifier,,,,
value_146,Value,NCT100027,,,,
dataset_147,Dataset,Clinical Trials,,,,
field_147,Field,trial_id,,,,
dcfield_147,DublinCore,identifier,,,,
value_147,Value,NCT100028,,,,
dataset_148,Dataset,Clinical Trials,,,,
field_148,Field,trial_id,,,,
dcfield_148,DublinCore,identifier,,,,
value_148,Value,NCT100029,,,,
dataset_149,Dataset,Clinical Trials,,,,
field_149,Field,trial_id,,,,
dcfield_149,DublinCore,identifier,,,,
value_149,Value,NCT100030,,,,
dataset_150,Dataset,Clinical Trials,,,,
field_150,Field,trial_id,,,,
dcfield_150,DublinCore,identifier,,,,
value_150,Value,NCT100031,,,,
dataset_151,Dataset,Clinical Trials,,,,
field_151,Field,trial_id,,,,
dcfield_151,DublinCore,identifier,,,,
value_151,Value,NCT100032,,,,
dataset_152,Dataset,Clinical Trials,,,,
field_152,Field,trial_id,,,,
dcfield_152,DublinCore,identifier,,,,
value_152,Value,NCT100033,,,,
dataset_153,Dataset,Clinical Trials,,,,
field_153,Field,trial_id,,,,
dcfield_153,DublinCore,identifier,,,,
value_153,Value,NCT100034,,,,
dataset_154,Dataset,Clinical Trials,,,,
field_154,Field,trial_id,,,,
dcfield_154,DublinCore,identifier,,,,
value_154,Value,NCT100035,,,,
dataset_155,Dataset,Clinical Trials,,,,
field_155,Field,trial_id,,,,
dcfield_155,DublinCore,identifier,,,,
value_155,Value,NCT100036,,,,
dataset_156,Dataset,Clinical Trials,,,,
field_156,Field,trial_id,,,,
dcfield_156,DublinCore,identifier,,,,
value_156,Value,NCT100037,,,,
dataset_157,Dataset,Clinical Trials,,,,
field_157,Field,trial_id,,,,
dcfield_157,DublinCore,identifier,,,,
value_157,Value,NCT100038,,,,
dataset_158,Dataset,Clinical Trials,,,,
field_158,Field,trial_id,,,,
dcfield_158,DublinCore,identifier,,,,
value_158,Value,NCT100039,,,,
dataset_159,Dataset,Clinical Trials,,,,
field_159,Field,trial_id,,,,
dcfield_159,DublinCore,identifier,,,,
value_159,Value,NCT100040,,,,
dataset_160,Dataset,Clinical Trials,,,,
field_160,Field,trial_id,,,,
dcfield_160,DublinCore,identifier,,,,
value_160,Value,NCT100041,,,,
dataset_161,Dataset,Clinical Trials,,,,
field_161,Field,trial_id,,,,
dcfield_161,DublinCore,identifier,,,,
value_161,Value,NCT100042,,,,
dataset_162,Dataset,Clinical Trials,,,,
field_162,Field,trial_id,,,,
dcfield_162,DublinCore,identifier,,,,
value_162,Value,NCT100043,,,,
dataset_163,Dataset,Clinical Trials,,,,
field_163,Field,trial_id,,,,
dcfield_163,DublinCore,identifier,,,,
value_163,Value,NCT100044,,,,
dataset_164,Dataset,Clinical Trials,,,,
field_164,Field,trial_id,,,,
dcfield_164,DublinCore,identifier,,,,
value_164,Value,NCT100045,,,,
dataset_165,Dataset,Clinical Trials,,,,
field_165,Field,trial_id,,,,
dcfield_165,DublinCore,identifier,,,,
value_165,Value,NCT100046,,,,
dataset_166,Dataset,Clinical Trials,,,,
field_166,Field,trial_id,,,,
dcfield_166,DublinCore,identifier,,,,
value_166,Value,NCT100047,,,,
dataset_167,Dataset,Clinical Trials,,,,
field_167,Field,trial_id,,,,
dcfield_167,DublinCore,identifier,,,,
value_167,Value,NCT100048,,,,
dataset_168,Dataset,Clinical Trials,,,,
field_168,Field,trial_id,,,,
dcfield_168,DublinCore,identifier,,,,
value_168,Value,NCT100049,,,,
dataset_169,Dataset,Clinical Trials,,,,
field_169,Field,title,,,,
dcfield_169,DublinCore,title,,,,
value_169,Value,Study on Breast Cancer with Vaccine X,,,,
dataset_170,Dataset,Clinical Trials,,,,
field_170,Field,title,,,,
dcfield_170,DublinCore,title,,,,
value_170,Value,Study on Alzheimer's with Drug A,,,,
dataset_171,Dataset,Clinical Trials,,,,
field_171,Field,title,,,,
dcfield_171,DublinCore,title,,,,
value_171,Value,Study on Breast Cancer with Drug A,,,,
dataset_172,Dataset,Clinical Trials,,,,
field_172,Field,title,,,,
dcfield_172,DublinCore,title,,,,
value_172,Value,Study on Breast Cancer with Placebo,,,,
dataset_173,Dataset,Clinical Trials,,,,
field_173,Field,title,,,,
dcfield_173,DublinCore,title,,,,
value_173,Value,Study on Alzheimer's with Insulin,,,,
dataset_174,Dataset,Clinical Trials,,,,
field_174,Field,title,,,,
dcfield_174,DublinCore,title,,,,
value_174,Value,Study on Hypertension with Insulin,,,,
dataset_175,Dataset,Clinical Trials,,,,
field_175,Field,title,,,,
dcfield_175,DublinCore,title,,,,
value_175,Value,Study on COVID-19 with Insulin,,,,
dataset_176,Dataset,Clinical Trials,,,,
field_176,Field,title,,,,
dcfield_176,DublinCore,title,,,,
value_176,Value,Study on Asthma with Radiation Therapy,,,,
dataset_177,Dataset,Clinical Trials,,,,
field_177,Field,title,,,,
dcfield_177,DublinCore,title,,,,
value_177,Value,Study on Hypertension with Vaccine X,,,,
dataset_178,Dataset,Clinical Trials,,,,
field_178,Field,title,,,,
dcfield_178,DublinCore,title,,,,
value_178,Value,Study on Alzheimer's with Placebo,,,,
dataset_179,Dataset,Clinical Trials,,,,
field_179,Field,title,,,,
dcfield_179,DublinCore,title,,,,
value_179,Value,Study on Diabetes with Drug B,,,,
dataset_180,Dataset,Clinical Trials,,,,
field_180,Field,title,,,,
dcfield_180,DublinCore,title,,,,
value_180,Value,Study on COVID-19 with Radiation Therapy,,,,
dataset_181,Dataset,Clinical Trials,,,,
field_181,Field,title,,,,
dcfield_181,DublinCore,title,,,,
value_181,Value,Study on HIV with Radiation Therapy,,,,
dataset_182,Dataset,Clinical Trials,,,,
field_182,Field,title,,,,
dcfield_182,DublinCore,title,,,,
value_182,Value,Study on Breast Cancer with Insulin,,,,
dataset_183,Dataset,Clinical Trials,,,,
field_183,Field,title,,,,
dcfield_183,DublinCore,title,,,,
value_183,Value,Study on Hypertension with Placebo,,,,
dataset_184,Dataset,Clinical Trials,,,,
field_184,Field,title,,,,
dcfield_184,DublinCore,title,,,,
value_184,Value,Study on Asthma with Drug B,,,,
dataset_185,Dataset,Clinical Trials,,,,
field_185,Field,title,,,,
dcfield_185,DublinCore,title,,,,
value_185,Value,Study on Alzheimer's with Vaccine X,,,,
dataset_186,Dataset,Clinical Trials,,,,
field_186,Field,title,,,,
dcfield_186,DublinCore,title,,,,
value_186,Value,Study on Asthma with Drug A,,,,
dataset_187,Dataset,Clinical Trials,,,,
field_187,Field,title,,,,
dcfield_187,DublinCore,title,,,,
value_187,Value,Study on Diabetes with Placebo,,,,
dataset_188,Dataset,Clinical Trials,,,,
field_188,Field,title,,,,
dcfield_188,DublinCore,title,,,,
value_188,Value,Study on COVID-19 with Vaccine X,,,,
dataset_189,Dataset,Clinical Trials,,,,
field_189,Field,title,,,,
dcfield_189,DublinCore,title,,,,
value_189,Value,Study on Breast Cancer with Radiation Therapy,,,,
dataset_190,Dataset,Clinical Trials,,,,
field_190,Field,title,,,,
dcfield_190,DublinCore,title,,,,
value_190,Value,Study on HIV with Vaccine X,,,,
dataset_191,Dataset,Clinical Trials,,,,
field_191,Field,title,,,,
dcfield_191,DublinCore,title,,,,
value_191,Value,Study on Breast Cancer with Drug B,,,,
dataset_192,Dataset,Clinical Trials,,,,
field_192,Field,title,,,,
dcfield_192,DublinCore,title,,,,
value_192,Value,Study on Asthma with Vaccine X,,,,
dataset_193,Dataset,Clinical Trials,,,,
field_193,Field,title,,,,
dcfield_193,DublinCore,title,,,,
value_193,Value,Study on HIV with Drug A,,,,
dataset_194,Dataset,Clinical Trials,,,,
field_194,Field,title,,,,
dcfield_194,DublinCore,title,,,,
value_194,Value,Study on COVID-19 with Drug B,,,,
dataset_195,Dataset,Clinical Trials,,,,
field_195,Field,title,,,,
dcfield_195,DublinCore,title,,,,
value_195,Value,Study on HIV with Placebo,,,,
dataset_196,Dataset,Clinical Trials,,,,
field_196,Field,title,,,,
dcfield_196,DublinCore,title,,,,
value_196,Value,Study on Hypertension with Drug B,,,,
dataset_197,Dataset,Clinical Trials,,,,
field_197,Field,title,,,,
dcfield_197,DublinCore,title,,,,
value_197,Value,Study on Alzheimer's with Radiation Therapy,,,,
dataset_198,Dataset,Clinical Trials,,,,
field_198,Field,title,,,,
dcfield_198,DublinCore,title,,,,
value_198,Value,Study on Diabetes with Vaccine X,,,,
dataset_199,Dataset,Clinical Trials,,,,
field_199,Field,title,,,,
dcfield_199,DublinCore,title,,,,
value_199,Value,Study on HIV with Insulin,,,,
dataset_200,Dataset,Clinical Trials,,,,
field_200,Field,title,,,,
dcfield_200,DublinCore,title,,,,
value_200,Value,Study on Alzheimer's with Drug B,,,,
dataset_201,Dataset,Clinical Trials,,,,
field_201,Field,title,,,,
dcfield_201,DublinCore,title,,,,
value_201,Value,Study on HIV with Drug B,,,,
dataset_202,Dataset,Clinical Trials,,,,
field_202,Field,title,,,,
dcfield_202,DublinCore,title,,,,
value_202,Value,Study on Hypertension with Drug A,,,,
dataset_203,Dataset,Clinical Trials,,,,
field_203,Field,title,,,,
dcfield_203,DublinCore,title,,,,
value_203,Value,Study on Diabetes with Drug A,,,,
dataset_204,Dataset,Clinical Trials,,,,
field_204,Field,title,,,,
dcfield_204,DublinCore,title,,,,
value_204,Value,Study on Asthma with Placebo,,,,
dataset_205,Dataset,Clinical Trials,,,,
field_205,Field,title,,,,
dcfield_205,DublinCore,title,,,,
value_205,Value,Study on Diabetes with Radiation Therapy,,,,
dataset_206,Dataset,Clinical Trials,,,,
field_206,Field,title,,,,
dcfield_206,DublinCore,title,,,,
value_206,Value,Study on COVID-19 with Drug A,,,,
dataset_207,Dataset,Clinical Trials,,,,
field_207,Field,title,,,,
dcfield_207,DublinCore,title,,,,
value_207,Value,Study on Diabetes with Insulin,,,,
dataset_208,Dataset,Clinical Trials,,,,
field_208,Field,title,,,,
dcfield_208,DublinCore,title,,,,
value_208,Value,Study on Hypertension with Radiation Therapy,,,,
dataset_209,Dataset,Clinical Trials,,,,
field_209,Field,title,,,,
dcfield_209,DublinCore,title,,,,
value_209,Value,Study on COVID-19 with Placebo,,,,
dataset_210,Dataset,Clinical Trials,,,,
field_210,Field,title,,,,
dcfield_210,DublinCore,title,,,,
value_210,Value,Study on Asthma with Insulin,,,,
dataset_211,Dataset,Clinical Trials,,,,
field_211,Field,condition,,,,
dcfield_211,DublinCore,subject,,,,
value_211,Diagnosis,Diabetes,,,,
concept_211_0,Concept,Diabetes mellitus,SNOMEDCT,44054006,http://purl.bioontology.org/ontology/SNOMEDCT/44054006,high blood sugar|sugar diabetes|dm
dataset_212,Dataset,Clinical Trials,,,,
field_212,Field,condition,,,,
dcfield_212,DublinCore,subject,,,,
value_212,Diagnosis,COVID-19,,,,
dataset_213,Dataset,Clinical Trials,,,,
field_213,Field,condition,,,,
dcfield_213,DublinCore,subject,,,,
value_213,Diagnosis,Hypertension,,,,
concept_213_0,Concept,Hypertensive disorder,SNOMEDCT,38341003,http://purl.bioontology.org/ontology/SNOMEDCT/38341003,high blood pressure|htn
dataset_214,Dataset,Clinical Trials,,,,
field_214,Field,condition,,,,
dcfield_214,DublinCore,subject,,,,
value_214,Diagnosis,Asthma,,,,
concept_214_0,Concept,Asthma,SNOMEDCT,195967001,http://purl.bioontology.org/ontology/SNOMEDCT/195967001,bronchial asthma
dataset_215,Dataset,Clinical Trials,,,,
field_215,Field,condition,,,,
dcfield_215,DublinCore,subject,,,,
value_215,Diagnosis,Breast Cancer,,,,
dataset_216,Dataset,Clinical Trials,,,,
field_216,Field,condition,,,,
dcfield_216,DublinCore,subject,,,,
value_216,Diagnosis,Alzheimer's,,,,
dataset_217,Dataset,Clinical Trials,,,,
field_217,Field,condition,,,,
dcfield_217,DublinCore,subject,,,,
value_217,Diagnosis,HIV,,,,
dataset_218,Dataset,Clinical Trials,,,,
field_218,Field,intervention,,,,
dcfield_218,DublinCore,description,,,,
value_218,Value,Placebo,,,,
dataset_219,Dataset,Clinical Trials,,,,
field_219,Field,intervention,,,,
dcfield_219,DublinCore,description,,,,
value_219,Value,Vaccine X,,,,
dataset_220,Dataset,Clinical Trials,,,,
field_220,Field,intervention,,,,
dcfield_220,DublinCore,description,,,,
value_220,Value,Radiation Therapy,,,,
dataset_221,Dataset,Clinical Trials,,,,
field_221,Field,intervention,,,,
dcfield_221,DublinCore,description,,,,
value_221,Value,Drug B,,,,
dataset_222,Dataset,Clinical Trials,,,,
field_222,Field,intervention,,,,
dcfield_222,DublinCore,description,,,,
value_222,Value,Insulin,,,,
dataset_223,Dataset,Clinical Trials,,,,
field_223,Field,intervention,,,,
dcfield_223,DublinCore,description,,,,
value_223,Value,Drug A,,,,
dataset_224,Dataset,Clinical Trials,,,,
field_224,Field,phase,,,,
dcfield_224,DublinCore,type,,,,
value_224,Value,Phase IV,,,,
dataset_225,Dataset,Clinical Trials,,,,
field_225,Field,phase,,,,
dcfield_225,DublinCore,type,,,,
value_225,Value,Phase I,,,,
dataset_226,Dataset,Clinical Trials,,,,
field_226,Field,phase,,,,
dcfield_226,DublinCore,type,,,,
value_226,Value,Phase III,,,,
dataset_227,Dataset,Clinical Trials,,,,
field_227,Field,phase,,,,
dcfield_227,DublinCore,type,,,,
value_227,Value,Phase II,,,,
dataset_228,Dataset,Clinical Trials,,,,
field_228,Field,status,,,,
dcfield_228,DublinCore,relation,,,,
value_228,Value,Terminated,,,,
dataset_229,Dataset,Clinical Trials,,,,
field_229,Field,status,,,,
dcfield_229,DublinCore,relation,,,,
value_229,Value,Recruiting,,,,
dataset_230,Dataset,Clinical Trials,,,,
field_230,Field,status,,,,
dcfield_230,DublinCore,relation,,,,
value_230,Value,"Active, not recruiting",,,,
dataset_231,Dataset,Clinical Trials,,,,
field_231,Field,status,,,,
dcfield_231,DublinCore,relation,,,,
value_231,Value,Completed,,,,
dataset_232,Dataset,Clinical Trials,,,,
field_232,Field,start_date,,,,
dcfield_232,DublinCore,date,,,,
value_232,Value,2020-12-16,,,,
dataset_233,Dataset,Clinical Trials,,,,
field_233,Field,start_date,,,,
dcfield_233,DublinCore,date,,,,
value_233,Value,2020-03-19,,,,
dataset_234,Dataset,Clinical Trials,,,,
field_234,Field,start_date,,,,
dcfield_234,DublinCore,date,,,,
value_234,Value,2020-05-05,,,,
dataset_235,Dataset,Clinical Trials,,,,
field_235,Field,start_date,,,,
dcfield_235,DublinCore,date,,,,
value_235,Value,2023-01-31,,,,
dataset_236,Dataset,Clinical Trials,,,,
field_236,Field,start_date,,,,
dcfield_236,DublinCore,date,,,,
value_236,Value,2024-10-28,,,,
dataset_237,Dataset,Clinical Trials,,,,
field_237,Field,start_date,,,,
dcfield_237,DublinCore,date,,,,
value_237,Value,2019-05-18,,,,
dataset_238,Dataset,Clinical Trials,,,,
field_238,Field,start_date,,,,
dcfield_238,DublinCore,date,,,,
value_238,Value,2021-11-04,,,,
dataset_239,Dataset,Clinical Trials,,,,
field_239,Field,start_date,,,,
dcfield_239,DublinCore,date,,,,
value_239,Value,2014-04-23,,,,
dataset_240,Dataset,Clinical Trials,,,,
field_240,Field,start_date,,,,
dcfield_240,DublinCore,date,,,,
value_240,Value,2013-07-16,,,,
dataset_241,Dataset,Clinical Trials,,,,
field_241,Field,start_date,,,,
dcfield_241,DublinCore,date,,,,
value_241,Value,2017-10-10,,,,
dataset_242,Dataset,Clinical Trials,,,,
field_242,Field,start_date,,,,
dcfield_242,DublinCore,date,,,,
value_242,Value,2013-08-16,,,,
dataset_243,Dataset,Clinical Trials,,,,
field_243,Field,start_date,,,,
dcfield_243,DublinCore,date,,,,
value_243,Value,2014-01-20,,,,
dataset_244,Dataset,Clinical Trials,,,,
field_244,Field,start_date,,,,
dcfield_244,DublinCore,date,,,,
value_244,Value,2021-06-10,,,,
dataset_245,Dataset,Clinical Trials,,,,
field_245,Field,start_date,,,,
dcfield_245,DublinCore,date,,,,
value_245,Value,2011-12-21,,,,
dataset_246,Dataset,Clinical Trials,,,,
field_246,Field,start_date,,,,
dcfield_246,DublinCore,date,,,,
value_246,Value,2012-07-20,,,,
dataset_247,Dataset,Clinical Trials,,,,
field_247,Field,start_date,,,,
dcfield_247,DublinCore,date,,,,
value_247,Value,2016-03-27,,,,
dataset_248,Dataset,Clinical Trials,,,,
field_248,Field,start_date,,,,
dcfield_248,DublinCore,date,,,,
value_248,Value,2023-05-11,,,,
dataset_249,Dataset,Clinical Trials,,,,
field_249,Field,start_date,,,,
dcfield_249,DublinCore,date,,,,
value_249,Value,2021-08-05,,,,
dataset_250,Dataset,Clinical Trials,,,,
field_250,Field,start_date,,,,
dcfield_250,DublinCore,date,,,,
value_250,Value,2022-11-12,,,,
dataset_251,Dataset,Clinical Trials,,,,
field_251,Field,start_date,,,,
dcfield_251,DublinCore,date,,,,
value_251,Value,2024-02-24,,,,
dataset_252,Dataset,Clinical Trials,,,,
field_252,Field,start_date,,,,
dcfield_252,DublinCore,date,,,,
value_252,Value,2013-12-28,,,,
dataset_253,Dataset,Clinical Trials,,,,
field_253,Field,start_date,,,,
dcfield_253,DublinCore,date,,,,
value_253,Value,2010-03-26,,,,
dataset_254,Dataset,Clinical Trials,,,,
field_254,Field,start_date,,,,
dcfield_254,DublinCore,date,,,,
value_254,Value,2012-01-19,,,,
dataset_255,Dataset,Clinical Trials,,,,
field_255,Field,start_date,,,,
dcfield_255,DublinCore,date,,,,
value_255,Value,2018-02-08,,,,
dataset_256,Dataset,Clinical Trials,,,,
field_256,Field,start_date,,,,
dcfield_256,DublinCore,date,,,,
value_256,Value,2019-04-26,,,,
dataset_257,Dataset,Clinical Trials,,,,
field_257,Field,start_date,,,,
dcfield_257,DublinCore,date,,,,
value_257,Value,2022-06-19,,,,
dataset_258,Dataset,Clinical Trials,,,,
field_258,Field,start_date,,,,
dcfield_258,DublinCore,date,,,,
value_258,Value,2015-03-04,,,,
dataset_259,Dataset,Clinical Trials,,,,
field_259,Field,start_date,,,,
dcfield_259,DublinCore,date,,,,
value_259,Value,2021-11-03,,,,
dataset_260,Dataset,Clinical Trials,,,,
field_260,Field,start_date,,,,
dcfield_260,DublinCore,date,,,,
value_260,Value,2024-10-30,,,,
dataset_261,Dataset,Clinical Trials,,,,
field_261,Field,start_date,,,,
dcfield_261,DublinCore,date,,,,
value_261,Value,2016-08-28,,,,
dataset_262,Dataset,Clinical Trials,,,,
field_262,Field,start_date,,,,
dcfield_262,DublinCore,date,,,,
value_262,Value,2014-10-24,,,,
dataset_263,Dataset,Clinical Trials,,,,
field_263,Field,start_date,,,,
dcfield_263,DublinCore,date,,,,
value_263,Value,2011-04-02,,,,
dataset_264,Dataset,Clinical Trials,,,,
field_264,Field,start_date,,,,
dcfield_264,DublinCore,date,,,,
value_264,Value,2010-03-30,,,,
dataset_265,Dataset,Clinical Trials,,,,
field_265,Field,start_date,,,,
dcfield_265,DublinCore,date,,,,
value_265,Value,2013-12-13,,,,
dataset_266,Dataset,Clinical Trials,,,,
field_266,Field,start_date,,,,
dcfield_266,DublinCore,date,,,,
value_266,Value,2013-11-03,,,,
dataset_267,Dataset,Clinical Trials,,,,
field_267,Field,start_date,,,,
dcfield_267,DublinCore,date,,,,
value_267,Value,2010-09-13,,,,
dataset_268,Dataset,Clinical Trials,,,,
field_268,Field,start_date,,,,
dcfield_268,DublinCore,date,,,,
value_268,Value,2012-08-10,,,,
dataset_269,Dataset,Clinical Trials,,,,
field_269,Field,start_date,,,,
dcfield_269,DublinCore,date,,,,
value_269,Value,2012-11-15,,,,
dataset_270,Dataset,Clinical Trials,,,,
field_270,Field,start_date,,,,
dcfield_270,DublinCore,date,,,,
value_270,Value,2011-07-17,,,,
dataset_271,Dataset,Clinical Trials,,,,
field_271,Field,start_date,,,,
dcfield_271,DublinCore,date,,,,
value_271,Value,2015-09-23,,,,
dataset_272,Dataset,Clinical Trials,,,,
field_272,Field,start_date,,,,
dcfield_272,DublinCore,date,,,,
value_272,Value,2016-07-15,,,,
dataset_273,Dataset,Clinical Trials,,,,
field_273,Field,start_date,,,,
dcfield_273,DublinCore,date,,,,
value_273,Value,2017-01-18,,,,
dataset_274,Dataset,Clinical Trials,,,,
field_274,Field,start_date,,,,
dcfield_274,DublinCore,date,,,,
value_274,Value,2012-04-21,,,,
dataset_275,Dataset,Clinical Trials,,,,
field_275,Field,start_date,,,,
dcfield_275,DublinCore,date,,,,
value_275,Value,2017-06-23,,,,
dataset_276,Dataset,Clinical Trials,,,,
field_276,Field,start_date,,,,
dcfield_276,DublinCore,date,,,,
value_276,Value,2023-03-28,,,,
dataset_277,Dataset,Clinical Trials,,,,
field_277,Field,start_date,,,,
dcfield_277,DublinCore,date,,,,
value_277,Value,2018-11-07,,,,
dataset_278,Dataset,Clinical Trials,,,,
field_278,Field,start_date,,,,
dcfield_278,DublinCore,date,,,,
value_278,Value,2018-09-02,,,,
dataset_279,Dataset,Clinical Trials,,,,
field_279,Field,start_date,,,,
dcfield_279,DublinCore,date,,,,
value_279,Value,2018-04-13,,,,
dataset_280,Dataset,Clinical Trials,,,,
field_280,Field,start_date,,,,
dcfield_280,DublinCore,date,,,,
value_280,Value,2019-11-12,,,,
dataset_281,Dataset,Clinical Trials,,,,
field_281,Field,start_date,,,,
dcfield_281,DublinCore,date,,,,
value_281,Value,2021-07-27,,,,
dataset_282,Dataset,Clinical Trials,,,,
field_282,Field,end_date,,,,
dcfield_282,DublinCore,date,,,,
value_282,Value,2027-07-13,,,,
dataset_283,Dataset,Clinical Trials,,,,
field_283,Field,end_date,,,,
dcfield_283,DublinCore,date,,,,
value_283,Value,2030-03-30,,,,
dataset_284,Dataset,Clinical Trials,,,,
field_284,Field,end_date,,,,
dcfield_284,DublinCore,date,,,,
value_284,Value,2025-08-12,,,,
dataset_285,Dataset,Clinical Trials,,,,
field_285,Field,end_date,,,,
dcfield_285,DublinCore,date,,,,
value_285,Value,2030-09-19,,,,
dataset_286,Dataset,Clinical Trials,,,,
field_286,Field,end_date,,,,
dcfield_286,DublinCore,date,,,,
value_286,Value,2029-04-14,,,,
dataset_287,Dataset,Clinical Trials,,,,
field_287,Field,end_date,,,,
dcfield_287,DublinCore,date,,,,
value_287,Value,2030-07-07,,,,
dataset_288,Dataset,Clinical Trials,,,,
field_288,Field,end_date,,,,
dcfield_288,DublinCore,date,,,,
value_288,Value,2027-07-22,,,,
dataset_289,Dataset,Clinical Trials,,,,
field_289,Field,end_date,,,,
dcfield_289,DublinCore,date,,,,
value_289,Value,2030-01-08,,,,
dataset_290,Dataset,Clinical Trials,,,,
field_290,Field,end_date,,,,
dcfield_290,DublinCore,date,,,,
value_290,Value,2026-02-25,,,,
dataset_291,Dataset,Clinical Trials,,,,
field_291,Field,end_date,,,,
dcfield_291,DublinCore,date,,,,
value_291,Value,2025-01-29,,,,
dataset_292,Dataset,Clinical Trials,,,,
field_292,Field,end_date,,,,
dcfield_292,DublinCore,date,,,,
value_292,Value,2025-11-29,,,,
dataset_293,Dataset,Clinical Trials,,,,
field_293,Field,end_date,,,,
dcfield_293,DublinCore,date,,,,
value_293,Value,2027-03-06,,,,
dataset_294,Dataset,Clinical Trials,,,,
field_294,Field,end_date,,,,
dcfield_294,DublinCore,date,,,,
value_294,Value,2025-05-26,,,,
dataset_295,Dataset,Clinical Trials,,,,
field_295,Field,end_date,,,,
dcfield_295,DublinCore,date,,,,
value_295,Value,2030-06-18,,,,
dataset_296,Dataset,Clinical Trials,,,,
field_296,Field,end_date,,,,
dcfield_296,DublinCore,date,,,,
value_296,Value,2026-07-29,,,,
dataset_297,Dataset,Clinical Trials,,,,
field_297,Field,end_date,,,,
dcfield_297,DublinCore,date,,,,
value_297,Value,2030-09-27,,,,
dataset_298,Dataset,Clinical Trials,,,,
field_298,Field,end_date,,,,
dcfield_298,DublinCore,date,,,,
value_298,Value,2027-05-06,,,,
dataset_299,Dataset,Clinical Trials,,,,
field_299,Field,end_date,,,,
dcfield_299,DublinCore,date,,,,
value_299,Value,2029-10-06,,,,
dataset_300,Dataset,Clinical Trials,,,,
field_300,Field,end_date,,,,
dcfield_300,DublinCore,date,,,,
value_300,Value,2028-06-24,,,,
dataset_301,Dataset,Clinical Trials,,,,
field_301,Field,end_date,,,,
dcfield_301,DublinCore,date,,,,
value_301,Value,2027-04-11,,,,
dataset_302,Dataset,Clinical Trials,,,,
field_302,Field,end_date,,,,
dcfield_302,DublinCore,date,,,,
value_302,Value,2027-12-02,,,,
dataset_303,Dataset,Clinical Trials,,,,
field_303,Field,end_date,,,,
dcfield_303,DublinCore,date,,,,
value_303,Value,2028-06-11,,,,
dataset_304,Dataset,Clinical Trials,,,,
field_304,Field,end_date,,,,
dcfield_304,DublinCore,date,,,,
value_304,Value,2029-12-18,,,,
dataset_305,Dataset,Clinical Trials,,,,
field_305,Field,end_date,,,,
dcfield_305,DublinCore,date,,,,
value_305,Value,2028-06-05,,,,
dataset_306,Dataset,Clinical Trials,,,,
field_306,Field,end_date,,,,
dcfield_306,DublinCore,date,,,,
value_306,Value,2029-01-25,,,,
dataset_307,Dataset,Clinical Trials,,,,
field_307,Field,end_date,,,,
dcfield_307,DublinCore,date,,,,
value_307,Value,2026-06-14,,,,
dataset_308,Dataset,Clinical Trials,,,,
field_308,Field,end_date,,,,
dcfield_308,DublinCore,date,,,,
value_308,Value,2028-02-26,,,,
dataset_309,Dataset,Clinical Trials,,,,
field_309,Field,end_date,,,,
dcfield_309,DublinCore,date,,,,
value_309,Value,2028-02-10,,,,
dataset_310,Dataset,Clinical Trials,,,,
field_310,Field,end_date,,,,
dcfield_310,DublinCore,date,,,,
value_310,Value,2028-05-10,,,,
dataset_311,Dataset,Clinical Trials,,,,
field_311,Field,end_date,,,,
dcfield_311,DublinCore,date,,,,
value_311,Value,2027-05-19,,,,
dataset_312,Dataset,Clinical Trials,,,,
field_312,Field,end_date,,,,
dcfield_312,DublinCore,date,,,,
value_312,Value,2028-11-12,,,,
dataset_313,Dataset,Clinical Trials,,,,
field_313,Field,end_date,,,,
dcfield_313,DublinCore,date,,,,
value_313,Value,2025-04-29,,,,
dataset_314,Dataset,Clinical Trials,,,,
field_314,Field,end_date,,,,
dcfield_314,DublinCore,date,,,,
value_314,Value,2029-01-06,,,,
dataset_315,Dataset,Clinical Trials,,,,
field_315,Field,end_date,,,,
dcfield_315,DublinCore,date,,,,
value_315,Value,2029-04-26,,,,
dataset_316,Dataset,Clinical Trials,,,,
field_316,Field,end_date,,,,
dcfield_316,DublinCore,date,,,,
value_316,Value,2029-08-29,,,,
dataset_317,Dataset,Clinical Trials,,,,
field_317,Field,end_date,,,,
dcfield_317,DublinCore,date,,,,
value_317,Value,2026-12-05,,,,
dataset_318,Dataset,Clinical Trials,,,,
field_318,Field,end_date,,,,
dcfield_318,DublinCore,date,,,,
value_318,Value,2025-03-19,,,,
dataset_319,Dataset,Clinical Trials,,,,
field_319,Field,end_date,,,,
dcfield_319,DublinCore,date,,,,
value_319,Value,2027-08-26,,,,
dataset_320,Dataset,Clinical Trials,,,,
field_320,Field,end_date,,,,
dcfield_320,DublinCore,date,,,,
value_320,Value,2026-11-08,,,,
dataset_321,Dataset,Clinical Trials,,,,
field_321,Field,end_date,,,,
dcfield_321,DublinCore,date,,,,
value_321,Value,2027-07-28,,,,
dataset_322,Dataset,Clinical Trials,,,,
field_322,Field,end_date,,,,
dcfield_322,DublinCore,date,,,,
value_322,Value,2030-06-07,,,,
dataset_323,Dataset,Clinical Trials,,,,
field_323,Field,end_date,,,,
dcfield_323,DublinCore,date,,,,
value_323,Value,2026-09-17,,,,
dataset_324,Dataset,Clinical Trials,,,,
field_324,Field,end_date,,,,
dcfield_324,DublinCore,date,,,,
value_324,Value,2030-04-28,,,,
dataset_325,Dataset,Clinical Trials,,,,
field_325,Field,end_date,,,,
dcfield_325,DublinCore,date,,,,
value_325,Value,2026-09-05,,,,
dataset_326,Dataset,Clinical Trials,,,,
field_326,Field,end_date,,,,
dcfield_326,DublinCore,date,,,,
value_326,Value,2030-09-10,,,,
dataset_327,Dataset,Clinical Trials,,,,
field_327,Field,end_date,,,,
dcfield_327,DublinCore,date,,,,
value_327,Value,2029-04-06,,,,
dataset_328,Dataset,Clinical Trials,,,,
field_328,Field,end_date,,,,
dcfield_328,DublinCore,date,,,,
value_328,Value,2025-08-06,,,,
dataset_329,Dataset,Clinical Trials,,,,
field_329,Field,end_date,,,,
dcfield_329,DublinCore,date,,,,
value_329,Value,2025-08-07,,,,
dataset_330,Dataset,Clinical Trials,,,,
field_330,Field,end_date,,,,
dcfield_330,DublinCore,date,,,,
value_330,Value,2029-12-20,,,,
dataset_331,Dataset,Clinical Trials,,,,
field_331,Field,end_date,,,,
dcfield_331,DublinCore,date,,,,
value_331,Value,2025-12-08,,,,
dataset_332,Dataset,Clinical Trials,,,,
field_332,Field,location,,,,
dcfield_332,DublinCore,coverage,,,,
value_332,Value,UK,,,,
dataset_333,Dataset,Clinical Trials,,,,
field_333,Field,location,,,,
dcfield_333,DublinCore,coverage,,,,
value_333,Value,Japan,,,,
dataset_334,Dataset,Clinical Trials,,,,
field_334,Field,location,,,,
dcfield_334,DublinCore,coverage,,,,
value_334,Value,USA,,,,
dataset_335,Dataset,Clinical Trials,,,,
field_335,Field,location,,,,
dcfield_335,DublinCore,coverage,,,,
value_335,Value,Germany,,,,
dataset_336,Dataset,Clinical Trials,,,,
field_336,Field,location,,,,
dcfield_336,DublinCore,coverage,,,,
value_336,Value,Brazil,,,,
dataset_337,Dataset,Clinical Trials,,,,
field_337,Field,location,,,,
dcfield_337,DublinCore,coverage,,,,
value_337,Value,Canada,,,,
dataset_338,Dataset,Clinical Trials,,,,
field_338,Field,location,,,,
dcfield_338,DublinCore,coverage,,,,
value_338,Value,India,,,,
dataset_339,Dataset,Clinical Trials,,,,
field_339,Field,sponsor,,,,
dcfield_339,DublinCore,contributor,,,,
value_339,Value,Novartis,,,,
dataset_340,Dataset,Clinical Trials,,,,
field_340,Field,sponsor,,,,
dcfield_340,DublinCore,contributor,,,,
value_340,Value,AstraZeneca,,,,
dataset_341,Dataset,Clinical Trials,,,,
field_341,Field,sponsor,,,,
dcfield_341,DublinCore,contributor,,,,
value_341,Value,Roche,,,,
dataset_342,Dataset,Clinical Trials,,,,
field_342,Field,sponsor,,,,
dcfield_342,DublinCore,contributor,,,,
value_342,Value,Pfizer,,,,
dataset_343,Dataset,Clinical Trials,,,,
field_343,Field,sponsor,,,,
dcfield_343,DublinCore,contributor,,,,
value_343,Value,NIH,,,,
dataset_344,Dataset,Clinical Trials,,,,
field_344,Field,sponsor,,,,
dcfield_344,DublinCore,contributor,,,,
value_344,Value,WHO,,,,
dataset_345,Dataset,Drug Safety,,,,
field_345,Field,report_id,,,,
dcfield_345,DublinCore,identifier,,,,
value_345,Value,RPT000001,,,,
dataset_346,Dataset,Drug Safety,,,,
field_346,Field,report_id,,,,
dcfield_346,DublinCore,identifier,,,,
value_346,Value,RPT000002,,,,
dataset_347,Dataset,Drug Safety,,,,
field_347,Field,report_id,,,,
dcfield_347,DublinCore,identifier,,,,
value_347,Value,RPT000003,,,,
dataset_348,Dataset,Drug Safety,,,,
field_348,Field,report_id,,,,
dcfield_348,DublinCore,identifier,,,,
value_348,Value,RPT000004,,,,
dataset_349,Dataset,Drug Safety,,,,
field_349,Field,report_id,,,,
dcfield_349,DublinCore,identifier,,,,
value_349,Value,RPT000005,,,,
dataset_350,Dataset,Drug Safety,,,,
field_350,Field,report_id,,,,
dcfield_350,DublinCore,identifier,,,,
value_350,Value,RPT000006,,,,
dataset_351,Dataset,Drug Safety,,,,
field_351,Field,report_id,,,,
dcfield_351,DublinCore,identifier,,,,
value_351,Value,RPT000007,,,,
dataset_352,Dataset,Drug Safety,,,,
field_352,Field,report_id,,,,
dcfield_352,DublinCore,identifier,,,,
value_352,Value,RPT000008,,,,
dataset_353,Dataset,Drug Safety,,,,
field_353,Field,report_id,,,,
dcfield_353,DublinCore,identifier,,,,
value_353,Value,RPT000009,,,,
dataset_354,Dataset,Drug Safety,,,,
field_354,Field,report_id,,,,
dcfield_354,DublinCore,identifier,,,,
value_354,Value,RPT000010,,,,
dataset_355,Dataset,Drug Safety,,,,
field_355,Field,report_id,,,,
dcfield_355,DublinCore,identifier,,,,
value_355,Value,RPT000011,,,,
dataset_356,Dataset,Drug Safety,,,,
field_356,Field,report_id,,,,
dcfield_356,DublinCore,identifier,,,,
value_356,Value,RPT000012,,,,
dataset_357,Dataset,Drug Safety,,,,
field_357,Field,report_id,,,,
dcfield_357,DublinCore,identifier,,,,
value_357,Value,RPT000013,,,,
dataset_358,Dataset,Drug Safety,,,,
field_358,Field,report_id,,,,
dcfield_358,DublinCore,identifier,,,,
value_358,Value,RPT000014,,,,
dataset_359,Dataset,Drug Safety,,,,
field_359,Field,report_id,,,,
dcfield_359,DublinCore,identifier,,,,
value_359,Value,RPT000015,,,,
dataset_360,Dataset,Drug Safety,,,,
field_360,Field,report_id,,,,
dcfield_360,DublinCore,identifier,,,,
value_360,Value,RPT000016,,,,
dataset_361,Dataset,Drug Safety,,,,
field_361,Field,report_id,,,,
dcfield_361,DublinCore,identifier,,,,
value_361,Value,RPT000017,,,,
dataset_362,Dataset,Drug Safety,,,,
field_362,Field,report_id,,,,
dcfield_362,DublinCore,identifier,,,,
value_362,Value,RPT000018,,,,
dataset_363,Dataset,Drug Safety,,,,
field_363,Field,report_id,,,,
dcfield_363,DublinCore,identifier,,,,
value_363,Value,RPT000019,,,,
dataset_364,Dataset,Drug Safety,,,,
field_364,Field,report_id,,,,
dcfield_364,DublinCore,identifier,,,,
value_364,Value,RPT000020,,,,
dataset_365,Dataset,Drug Safety,,,,
field_365,Field,report_id,,,,
dcfield_365,DublinCore,identifier,,,,
value_365,Value,RPT000021,,,,
dataset_366,Dataset,Drug Safety,,,,
field_366,Field,report_id,,,,
dcfield_366,DublinCore,identifier,,,,
value_366,Value,RPT000022,,,,
dataset_367,Dataset,Drug Safety,,,,
field_367,Field,report_id,,,,
dcfield_367,DublinCore,identifier,,,,
value_367,Value,RPT000023,,,,
dataset_368,Dataset,Drug Safety,,,,
field_368,Field,report_id,,,,
dcfield_368,DublinCore,identifier,,,,
value_368,Value,RPT000024,,,,
dataset_369,Dataset,Drug Safety,,,,
field_369,Field,report_id,,,,
dcfield_369,DublinCore,identifier,,,,
value_369,Value,RPT000025,,,,
dataset_370,Dataset,Drug Safety,,,,
field_370,Field,report_id,,,,
dcfield_370,DublinCore,identifier,,,,
value_370,Value,RPT000026,,,,
dataset_371,Dataset,Drug Safety,,,,
field_371,Field,report_id,,,,
dcfield_371,DublinCore,identifier,,,,
value_371,Value,RPT000027,,,,
dataset_372,Dataset,Drug Safety,,,,
field_372,Field,report_id,,,,
dcfield_372,DublinCore,identifier,,,,
value_372,Value,RPT000028,,,,
dataset_373,Dataset,Drug Safety,,,,
field_373,Field,report_id,,,,
dcfield_373,DublinCore,identifier,,,,
value_373,Value,RPT000029,,,,
dataset_374,Dataset,Drug Safety,,,,
field_374,Field,report_id,,,,
dcfield_374,DublinCore,identifier,,,,
value_374,Value,RPT000030,,,,
dataset_375,Dataset,Drug Safety,,,,
field_375,Field,report_id,,,,
dcfield_375,DublinCore,identifier,,,,
value_375,Value,RPT000031,,,,
dataset_376,Dataset,Drug Safety,,,,
field_376,Field,report_id,,,,
dcfield_376,DublinCore,identifier,,,,
value_376,Value,RPT000032,,,,
dataset_377,Dataset,Drug Safety,,,,
field_377,Field,report_id,,,,
dcfield_377,DublinCore,identifier,,,,
value_377,Value,RPT000033,,,,
dataset_378,Dataset,Drug Safety,,,,
field_378,Field,report_id,,,,
dcfield_378,DublinCore,identifier,,,,
value_378,Value,RPT000034,,,,
dataset_379,Dataset,Drug Safety,,,,
field_379,Field,report_id,,,,
dcfield_379,DublinCore,identifier,,,,
value_379,Value,RPT000035,,,,
dataset_380,Dataset,Drug Safety,,,,
field_380,Field,report_id,,,,
dcfield_380,DublinCore,identifier,,,,
value_380,Value,RPT000036,,,,
dataset_381,Dataset,Drug Safety,,,,
field_381,Field,report_id,,,,
dcfield_381,DublinCore,identifier,,,,
value_381,Value,RPT000037,,,,
dataset_382,Dataset,Drug Safety,,,,
field_382,Field,report_id,,,,
dcfield_382,DublinCore,identifier,,,,
value_382,Value,RPT000038,,,,
dataset_383,Dataset,Drug Safety,,,,
field_383,Field,report_id,,,,
dcfield_383,DublinCore,identifier,,,,
value_383,Value,RPT000039,,,,
dataset_384,Dataset,Drug Safety,,,,
field_384,Field,report_id,,,,
dcfield_384,DublinCore,identifier,,,,
value_384,Value,RPT000040,,,,
dataset_385,Dataset,Drug Safety,,,,
field_385,Field,report_id,,,,
dcfield_385,DublinCore,identifier,,,,
value_385,Value,RPT000041,,,,
dataset_386,Dataset,Drug Safety,,,,
field_386,Field,report_id,,,,
dcfield_386,DublinCore,identifier,,,,
value_386,Value,RPT000042,,,,
dataset_387,Dataset,Drug Safety,,,,
field_387,Field,report_id,,,,
dcfield_387,DublinCore,identifier,,,,
value_387,Value,RPT000043,,,,
dataset_388,Dataset,Drug Safety,,,,
field_388,Field,report_id,,,,
dcfield_388,DublinCore,identifier,,,,
value_388,Value,RPT000044,,,,
dataset_389,Dataset,Drug Safety,,,,
field_389,Field,report_id,,,,
dcfield_389,DublinCore,identifier,,,,
value_389,Value,RPT000045,,,,
dataset_390,Dataset,Drug Safety,,,,
field_390,Field,report_id,,,,
dcfield_390,DublinCore,identifier,,,,
value_390,Value,RPT000046,,,,
dataset_391,Dataset,Drug Safety,,,,
field_391,Field,report_id,,,,
dcfield_391,DublinCore,identifier,,,,
value_391,Value,RPT000047,,,,
dataset_392,Dataset,Drug Safety,,,,
field_392,Field,report_id,,,,
dcfield_392,DublinCore,identifier,,,,
value_392,Value,RPT000048,,,,
dataset_393,Dataset,Drug Safety,,,,
field_393,Field,report_id,,,,
dcfield_393,DublinCore,identifier,,,,
value_393,Value,RPT000049,,,,
dataset_394,Dataset,Drug Safety,,,,
field_394,Field,report_id,,,,
dcfield_394,DublinCore,identifier,,,,
value_394,Value,RPT000050,,,,
dataset_395,Dataset,Drug Safety,,,,
field_395,Field,drug_name,,,,
dcfield_395,DublinCore,title,,,,
value_395,Drug,Paracetamol,,,,
dataset_396,Dataset,Drug Safety,,,,
field_396,Field,drug_name,,,,
dcfield_396,DublinCore,title,,,,
value_396,Drug,Atorvastatin,,,,
concept_396_0,Concept,Atorvastatin,RXNORM,83367,http://purl.bioontology.org/ontology/RXNORM/83367,
dataset_397,Dataset,Drug Safety,,,,
field_397,Field,drug_name,,,,
dcfield_397,DublinCore,title,,,,
value_397,Drug,Remdesivir,,,,
dataset_398,Dataset,Drug Safety,,,,
field_398,Field,drug_name,,,,
dcfield_398,DublinCore,title,,,,
value_398,Drug,Metformin,,,,
concept_398_0,Concept,metformin,RXNORM,6809,http://purl.bioontology.org/ontology/RXNORM/6809,
dataset_399,Dataset,Drug Safety,,,,
field_399,Field,drug_name,,,,
dcfield_399,DublinCore,title,,,,
value_399,Drug,Amlodipine,,,,
dataset_400,Dataset,Drug Safety,,,,
field_400,Field,drug_name,,,,
dcfield_400,DublinCore,title,,,,
value_400,Drug,Insulin,,,,
concept_400_0,Concept,Insulin,RXNORM,28518,http://purl.bioontology.org/ontology/RXNORM/28518,
dataset_401,Dataset,Drug Safety,,,,
field_401,Field,drug_name,,,,
dcfield_401,DublinCore,title,,,,
value_401,Drug,Aspirin,,,,
dataset_402,Dataset,Drug Safety,,,,
field_402,Field,adverse_event,,,,
dcfield_402,DublinCore,subject,,,,
value_402,AdverseEvent,Death,,,,
dataset_403,Dataset,Drug Safety,,,,
field_403,Field,adverse_event,,,,
dcfield_403,DublinCore,subject,,,,
value_403,AdverseEvent,Liver Damage,,,,
dataset_404,Dataset,Drug Safety,,,,
field_404,Field,adverse_event,,,,
dcfield_404,DublinCore,subject,,,,
value_404,AdverseEvent,Fatigue,,,,
dataset_405,Dataset,Drug Safety,,,,
field_405,Field,adverse_event,,,,
dcfield_405,DublinCore,subject,,,,
value_405,AdverseEvent,Headache,,,,
dataset_406,Dataset,Drug Safety,,,,
field_406,Field,adverse_event,,,,
dcfield_406,DublinCore,subject,,,,
value_406,AdverseEvent,Kidney Failure,,,,
dataset_407,Dataset,Drug Safety,,,,
field_407,Field,adverse_event,,,,
dcfield_407,DublinCore,subject,,,,
value_407,AdverseEvent,Nausea,,,,
concept_407_0,Concept,Nausea,SNOMEDCT,422587007,http://purl.bioontology.org/ontology/SNOMEDCT/422587007,queasiness
dataset_408,Dataset,Drug Safety,,,,
field_408,Field,adverse_event,,,,
dcfield_408,DublinCore,subject,,,,
value_408,AdverseEvent,Seizure,,,,
dataset_409,Dataset,Drug Safety,,,,
field_409,Field,adverse_event,,,,
dcfield_409,DublinCore,subject,,,,
value_409,AdverseEvent,Rash,,,,
dataset_410,Dataset,Drug Safety,,,,
field_410,Field,serious,,,,
dcfield_410,DublinCore,type,,,,
value_410,Value,Yes,,,,
dataset_411,Dataset,Drug Safety,,,,
field_411,Field,serious,,,,
dcfield_411,DublinCore,type,,,,
value_411,Value,No,,,,
dataset_412,Dataset,Drug Safety,,,,
field_412,Field,outcome,,,,
dcfield_412,DublinCore,coverage,,,,
value_412,Value,Ongoing,,,,
dataset_413,Dataset,Drug Safety,,,,
field_413,Field,outcome,,,,
dcfield_413,DublinCore,coverage,,,,
value_413,Value,Not Recovered,,,,
dataset_414,Dataset,Drug Safety,,,,
field_414,Field,outcome,,,,
dcfield_414,DublinCore,coverage,,,,
value_414,Value,Fatal,,,,
dataset_415,Dataset,Drug Safety,,,,
field_415,Field,outcome,,,,
dcfield_415,DublinCore,coverage,,,,
value_415,Value,Recovered,,,,
dataset_416,Dataset,Drug Safety,,,,
field_416,Field,outcome,,,,
dcfield_416,DublinCore,coverage,,,,
value_416,Value,Unknown,,,,
dataset_417,Dataset,Drug Safety,,,,
field_417,Field,report_date,,,,
dcfield_417,DublinCore,date,,,,
value_417,Value,2020-04-28,,,,
dataset_418,Dataset,Drug Safety,,,,
field_418,Field,report_date,,,,
dcfield_418,DublinCore,date,,,,
value_418,Value,2023-11-08,,,,
dataset_419,Dataset,Drug Safety,,,,
field_419,Field,report_date,,,,
dcfield_419,DublinCore,date,,,,
value_419,Value,2019-01-10,,,,
dataset_420,Dataset,Drug Safety,,,,
field_420,Field,report_date,,,,
dcfield_420,DublinCore,date,,,,
value_420,Value,2017-02-14,,,,
dataset_421,Dataset,Drug Safety,,,,
field_421,Field,report_date,,,,
dcfield_421,DublinCore,date,,,,
value_421,Value,2010-05-24,,,,
dataset_422,Dataset,Drug Safety,,,,
field_422,Field,report_date,,,,
dcfield_422,DublinCore,date,,,,
value_422,Value,2024-11-03,,,,
dataset_423,Dataset,Drug Safety,,,,
field_423,Field,report_date,,,,
dcfield_423,DublinCore,date,,,,
value_423,Value,2014-02-12,,,,
dataset_424,Dataset,Drug Safety,,,,
field_424,Field,report_date,,,,
dcfield_424,DublinCore,date,,,,
value_424,Value,2012-05-18,,,,
dataset_425,Dataset,Drug Safety,,,,
field_425,Field,report_date,,,,
dcfield_425,DublinCore,date,,,,
value_425,Value,2015-10-13,,,,
dataset_426,Dataset,Drug Safety,,,,
field_426,Field,report_date,,,,
dcfield_426,DublinCore,date,,,,
value_426,Value,2011-06-20,,,,
dataset_427,Dataset,Drug Safety,,,,
field_427,Field,report_date,,,,
dcfield_427,DublinCore,date,,,,
value_427,Value,2016-05-12,,,,
dataset_428,Dataset,Drug Safety,,,,
field_428,Field,report_date,,,,
dcfield_428,DublinCore,date,,,,
value_428,Value,2012-12-24,,,,
dataset_429,Dataset,Drug Safety,,,,
field_429,Field,report_date,,,,
dcfield_429,DublinCore,date,,,,
value_429,Value,2022-12-06,,,,
dataset_430,Dataset,Drug Safety,,,,
field_430,Field,report_date,,,,
dcfield_430,DublinCore,date,,,,
value_430,Value,2010-05-09,,,,
dataset_431,Dataset,Drug Safety,,,,
field_431,Field,report_date,,,,
dcfield_431,DublinCore,date,,,,
value_431,Value,2018-04-21,,,,
dataset_432,Dataset,Drug Safety,,,,
field_432,Field,report_date,,,,
dcfield_432,DublinCore,date,,,,
value_432,Value,2015-09-07,,,,
dataset_433,Dataset,Drug Safety,,,,
field_433,Field,report_date,,,,
dcfield_433,DublinCore,date,,,,
value_433,Value,2023-04-26,,,,
dataset_434,Dataset,Drug Safety,,,,
field_434,Field,report_date,,,,
dcfield_434,DublinCore,date,,,,
value_434,Value,2020-06-01,,,,
dataset_435,Dataset,Drug Safety,,,,
field_435,Field,report_date,,,,
dcfield_435,DublinCore,date,,,,
value_435,Value,2021-05-09,,,,
dataset_436,Dataset,Drug Safety,,,,
field_436,Field,report_date,,,,
dcfield_436,DublinCore,date,,,,
value_436,Value,2014-03-09,,,,
dataset_437,Dataset,Drug Safety,,,,
field_437,Field,report_date,,,,
dcfield_437,DublinCore,date,,,,
value_437,Value,2022-11-17,,,,
dataset_438,Dataset,Drug Safety,,,,
field_438,Field,report_date,,,,
dcfield_438,DublinCore,date,,,,
value_438,Value,2017-08-18,,,,
dataset_439,Dataset,Drug Safety,,,,
field_439,Field,report_date,,,,
dcfield_439,DublinCore,date,,,,
value_439,Value,2021-03-30,,,,
dataset_440,Dataset,Drug Safety,,,,
field_440,Field,report_date,,,,
dcfield_440,DublinCore,date,,,,
value_440,Value,2013-12-09,,,,
dataset_441,Dataset,Drug Safety,,,,
field_441,Field,report_date,,,,
dcfield_441,DublinCore,date,,,,
value_441,Value,2017-07-04,,,,
dataset_442,Dataset,Drug Safety,,,,
field_442,Field,report_date,,,,
dcfield_442,DublinCore,date,,,,
value_442,Value,2018-08-16,,,,
dataset_443,Dataset,Drug Safety,,,,
field_443,Field,report_date,,,,
dcfield_443,DublinCore,date,,,,
value_443,Value,2018-12-23,,,,
dataset_444,Dataset,Drug Safety,,,,
field_444,Field,report_date,,,,
dcfield_444,DublinCore,date,,,,
value_444,Value,2019-11-22,,,,
dataset_445,Dataset,Drug Safety,,,,
field_445,Field,report_date,,,,
dcfield_445,DublinCore,date,,,,
value_445,Value,2024-02-06,,,,
dataset_446,Dataset,Drug Safety,,,,
field_446,Field,report_date,,,,
dcfield_446,DublinCore,date,,,,
value_446,Value,2024-01-06,,,,
dataset_447,Dataset,Drug Safety,,,,
field_447,Field,report_date,,,,
dcfield_447,DublinCore,date,,,,
value_447,Value,2015-10-22,,,,
dataset_448,Dataset,Drug Safety,,,,
field_448,Field,report_date,,,,
dcfield_448,DublinCore,date,,,,
value_448,Value,2024-12-26,,,,
dataset_449,Dataset,Drug Safety,,,,
field_449,Field,report_date,,,,
dcfield_449,DublinCore,date,,,,
value_449,Value,2021-11-08,,,,
dataset_450,Dataset,Drug Safety,,,,
field_450,Field,report_date,,,,
dcfield_450,DublinCore,date,,,,
value_450,Value,2022-11-07,,,,
dataset_451,Dataset,Drug Safety,,,,
field_451,Field,report_date,,,,
dcfield_451,DublinCore,date,,,,
value_451,Value,2015-03-01,,,,
dataset_452,Dataset,Drug Safety,,,,
field_452,Field,report_date,,,,
dcfield_452,DublinCore,date,,,,
value_452,Value,2019-09-23,,,,
dataset_453,Dataset,Drug Safety,,,,
field_453,Field,report_date,,,,
dcfield_453,DublinCore,date,,,,
value_453,Value,2023-11-04,,,,
dataset_454,Dataset,Drug Safety,,,,
field_454,Field,report_date,,,,
dcfield_454,DublinCore,date,,,,
value_454,Value,2019-11-20,,,,
dataset_455,Dataset,Drug Safety,,,,
field_455,Field,report_date,,,,
dcfield_455,DublinCore,date,,,,
value_455,Value,2023-10-28,,,,
dataset_456,Dataset,Drug Safety,,,,
field_456,Field,report_date,,,,
dcfield_456,DublinCore,date,,,,
value_456,Value,2014-01-08,,,,
dataset_457,Dataset,Drug Safety,,,,
field_457,Field,report_date,,,,
dcfield_457,DublinCore,date,,,,
value_457,Value,2024-03-01,,,,
dataset_458,Dataset,Drug Safety,,,,
field_458,Field,report_date,,,,
dcfield_458,DublinCore,date,,,,
value_458,Value,2013-07-03,,,,
dataset_459,Dataset,Drug Safety,,,,
field_459,Field,report_date,,,,
dcfield_459,DublinCore,date,,,,
value_459,Value,2024-01-17,,,,
dataset_460,Dataset,Drug Safety,,,,
field_460,Field,report_date,,,,
dcfield_460,DublinCore,date,,,,
value_460,Value,2019-09-18,,,,
dataset_461,Dataset,Drug Safety,,,,
field_461,Field,report_date,,,,
dcfield_461,DublinCore,date,,,,
value_461,Value,2020-07-09,,,,
dataset_462,Dataset,Drug Safety,,,,
field_462,Field,report_date,,,,
dcfield_462,DublinCore,date,,,,
value_462,Value,2013-04-17,,,,
dataset_463,Dataset,Drug Safety,,,,
field_463,Field,report_date,,,,
dcfield_463,DublinCore,date,,,,
value_463,Value,2011-08-05,,,,
dataset_464,Dataset,Drug Safety,,,,
field_464,Field,report_date,,,,
dcfield_464,DublinCore,date,,,,
value_464,Value,2012-10-18,,,,
dataset_465,Dataset,Drug Safety,,,,
field_465,Field,report_date,,,,
dcfield_465,DublinCore,date,,,,
value_465,Value,2018-07-26,,,,
dataset_466,Dataset,Drug Safety,,,,
field_466,Field,report_date,,,,
dcfield_466,DublinCore,date,,,,
value_466,Value,2012-01-06,,,,
dataset_467,Dataset,Drug Safety,,,,
field_467,Field,country,,,,
dcfield_467,DublinCore,coverage,,,,
value_467,Value,USA,,,,
dataset_468,Dataset,Drug Safety,,,,
field_468,Field,country,,,,
dcfield_468,DublinCore,coverage,,,,
value_468,Value,UK,,,,
dataset_469,Dataset,Drug Safety,,,,
field_469,Field,country,,,,
dcfield_469,DublinCore,coverage,,,,
value_469,Value,France,,,,
dataset_470,Dataset,Drug Safety,,,,
field_470,Field,country,,,,
dcfield_470,DublinCore,coverage,,,,
value_470,Value,Germany,,,,
dataset_471,Dataset,Drug Safety,,,,
field_471,Field,country,,,,
dcfield_471,DublinCore,coverage,,,,
value_471,Value,India,,,,
dataset_472,Dataset,Drug Safety,,,,
field_472,Field,country,,,,
dcfield_472,DublinCore,coverage,,,,
value_472,Value,Canada,,,,
dataset_473,Dataset,Drug Safety,,,,
field_473,Field,country,,,,
dcfield_473,DublinCore,coverage,,,,
value_473,Value,Brazil,,,,
dataset_474,Dataset,Drug Safety,,,,
field_474,Field,country,,,,
dcfield_474,DublinCore,coverage,,,,
value_474,Value,Japan,,,,
dataset_475,Dataset,Drug Safety,,,,
field_475,Field,source,,,,
dcfield_475,DublinCore,creator,,,,
value_475,Value,Regulator,,,,
dataset_476,Dataset,Drug Safety,,,,
field_476,Field,source,,,,
dcfield_476,DublinCore,creator,,,,
value_476,Value,Pharmacist,,,,
dataset_477,Dataset,Drug Safety,,,,
field_477,Field,source,,,,
dcfield_477,DublinCore,creator,,,,
value_477,Value,Consumer,,,,
dataset_478,Dataset,Drug Safety,,,,
field_478,Field,source,,,,
dcfield_478,DublinCore,creator,,,,
value_478,Value,Physician,,,,
dataset_479,Dataset,Drug Ontology,,,,
field_479,Field,drug_id,,,,
dcfield_479,DublinCore,identifier,,,,
value_479,Value,DB10000,,,,
dataset_480,Dataset,Drug Ontology,,,,
field_480,Field,drug_id,,,,
dcfield_480,DublinCore,identifier,,,,
value_480,Value,DB10001,,,,
dataset_481,Dataset,Drug Ontology,,,,
field_481,Field,drug_id,,,,
dcfield_481,DublinCore,identifier,,,,
value_481,Value,DB10002,,,,
dataset_482,Dataset,Drug Ontology,,,,
field_482,Field,drug_id,,,,
dcfield_482,DublinCore,identifier,,,,
value_482,Value,DB10003,,,,
dataset_483,Dataset,Drug Ontology,,,,
field_483,Field,drug_id,,,,
dcfield_483,DublinCore,identifier,,,,
value_483,Value,DB10004,,,,
dataset_484,Dataset,Drug Ontology,,,,
field_484,Field,drug_id,,,,
dcfield_484,DublinCore,identifier,,,,
value_484,Value,DB10005,,,,
dataset_485,Dataset,Drug Ontology,,,,
field_485,Field,drug_id,,,,
dcfield_485,DublinCore,identifier,,,,
value_485,Value,DB10006,,,,
dataset_486,Dataset,Drug Ontology,,,,
field_486,Field,drug_id,,,,
dcfield_486,DublinCore,identifier,,,,
value_486,Value,DB10007,,,,
dataset_487,Dataset,Drug Ontology,,,,
field_487,Field,drug_id,,,,
dcfield_487,DublinCore,identifier,,,,
value_487,Value,DB10008,,,,
dataset_488,Dataset,Drug Ontology,,,,
field_488,Field,drug_id,,,,
dcfield_488,DublinCore,identifier,,,,
value_488,Value,DB10009,,,,
dataset_489,Dataset,Drug Ontology,,,,
field_489,Field,drug_id,,,,
dcfield_489,DublinCore,identifier,,,,
value_489,Value,DB10010,,,,
dataset_490,Dataset,Drug Ontology,,,,
field_490,Field,drug_id,,,,
dcfield_490,DublinCore,identifier,,,,
value_490,Value,DB10011,,,,
dataset_491,Dataset,Drug Ontology,,,,
field_491,Field,drug_id,,,,
dcfield_491,DublinCore,identifier,,,,
value_491,Value,DB10012,,,,
dataset_492,Dataset,Drug Ontology,,,,
field_492,Field,drug_id,,,,
dcfield_492,DublinCore,identifier,,,,
value_492,Value,DB10013,,,,
dataset_493,Dataset,Drug Ontology,,,,
field_493,Field,drug_id,,,,
dcfield_493,DublinCore,identifier,,,,
value_493,Value,DB10014,,,,
dataset_494,Dataset,Drug Ontology,,,,
field_494,Field,drug_id,,,,
dcfield_494,DublinCore,identifier,,,,
value_494,Value,DB10015,,,,
dataset_495,Dataset,Drug Ontology,,,,
field_495,Field,drug_id,,,,
dcfield_495,DublinCore,identifier,,,,
value_495,Value,DB10016,,,,
dataset_496,Dataset,Drug Ontology,,,,
field_496,Field,drug_id,,,,
dcfield_496,DublinCore,identifier,,,,
value_496,Value,DB10017,,,,
dataset_497,Dataset,Drug Ontology,,,,
field_497,Field,drug_id,,,,
dcfield_497,DublinCore,identifier,,,,
value_497,Value,DB10018,,,,
dataset_498,Dataset,Drug Ontology,,,,
field_498,Field,drug_id,,,,
dcfield_498,DublinCore,identifier,,,,
value_498,Value,DB10019,,,,
dataset_499,Dataset,Drug Ontology,,,,
field_499,Field,drug_id,,,,
dcfield_499,DublinCore,identifier,,,,
value_499,Value,DB10020,,,,
dataset_500,Dataset,Drug Ontology,,,,
field_500,Field,drug_id,,,,
dcfield_500,DublinCore,identifier,,,,
value_500,Value,DB10021,,,,
dataset_501,Dataset,Drug Ontology,,,,
field_501,Field,drug_id,,,,
dcfield_501,DublinCore,identifier,,,,
value_501,Value,DB10022,,,,
dataset_502,Dataset,Drug Ontology,,,,
field_502,Field,drug_id,,,,
dcfield_502,DublinCore,identifier,,,,
value_502,Value,DB10023,,,,
dataset_503,Dataset,Drug Ontology,,,,
field_503,Field,drug_id,,,,
dcfield_503,DublinCore,identifier,,,,
value_503,Value,DB10024,,,,
dataset_504,Dataset,Drug Ontology,,,,
field_504,Field,drug_id,,,,
dcfield_504,DublinCore,identifier,,,,
value_504,Value,DB10025,,,,
dataset_505,Dataset,Drug Ontology,,,,
field_505,Field,drug_id,,,,
dcfield_505,DublinCore,identifier,,,,
value_505,Value,DB10026,,,,
dataset_506,Dataset,Drug Ontology,,,,
field_506,Field,drug_id,,,,
dcfield_506,DublinCore,identifier,,,,
value_506,Value,DB10027,,,,
dataset_507,Dataset,Drug Ontology,,,,
field_507,Field,drug_id,,,,
dcfield_507,DublinCore,identifier,,,,
value_507,Value,DB10028,,,,
dataset_508,Dataset,Drug Ontology,,,,
field_508,Field,drug_id,,,,
dcfield_508,DublinCore,identifier,,,,
value_508,Value,DB10029,,,,
dataset_509,Dataset,Drug Ontology,,,,
field_509,Field,drug_id,,,,
dcfield_509,DublinCore,identifier,,,,
value_509,Value,DB10030,,,,
dataset_510,Dataset,Drug Ontology,,,,
field_510,Field,drug_id,,,,
dcfield_510,DublinCore,identifier,,,,
value_510,Value,DB10031,,,,
dataset_511,Dataset,Drug Ontology,,,,
field_511,Field,drug_id,,,,
dcfield_511,DublinCore,identifier,,,,
value_511,Value,DB10032,,,,
dataset_512,Dataset,Drug Ontology,,,,
field_512,Field,drug_id,,,,
dcfield_512,DublinCore,identifier,,,,
value_512,Value,DB10033,,,,
dataset_513,Dataset,Drug Ontology,,,,
field_513,Field,drug_id,,,,
dcfield_513,DublinCore,identifier,,,,
value_513,Value,DB10034,,,,
dataset_514,Dataset,Drug Ontology,,,,
field_514,Field,drug_id,,,,
dcfield_514,DublinCore,identifier,,,,
value_514,Value,DB10035,,,,
dataset_515,Dataset,Drug Ontology,,,,
field_515,Field,drug_id,,,,
dcfield_515,DublinCore,identifier,,,,
value_515,Value,DB10036,,,,
dataset_516,Dataset,Drug Ontology,,,,
field_516,Field,drug_id,,,,
dcfield_516,DublinCore,identifier,,,,
value_516,Value,DB10037,,,,
dataset_517,Dataset,Drug Ontology,,,,
field_517,Field,drug_id,,,,
dcfield_517,DublinCore,identifier,,,,
value_517,Value,DB10038,,,,
dataset_518,Dataset,Drug Ontology,,,,
field_518,Field,drug_id,,,,
dcfield_518,DublinCore,identifier,,,,
value_518,Value,DB10039,,,,
dataset_519,Dataset,Drug Ontology,,,,
field_519,Field,drug_id,,,,
dcfield_519,DublinCore,identifier,,,,
value_519,Value,DB10040,,,,
dataset_520,Dataset,Drug Ontology,,,,
field_520,Field,drug_id,,,,
dcfield_520,DublinCore,identifier,,,,
value_520,Value,DB10041,,,,
dataset_521,Dataset,Drug Ontology,,,,
field_521,Field,drug_id,,,,
dcfield_521,DublinCore,identifier,,,,
value_521,Value,DB10042,,,,
dataset_522,Dataset,Drug Ontology,,,,
field_522,Field,drug_id,,,,
dcfield_522,DublinCore,identifier,,,,
value_522,Value,DB10043,,,,
dataset_523,Dataset,Drug Ontology,,,,
field_523,Field,drug_id,,,,
dcfield_523,DublinCore,identifier,,,,
value_523,Value,DB10044,,,,
dataset_524,Dataset,Drug Ontology,,,,
field_524,Field,drug_id,,,,
dcfield_524,DublinCore,identifier,,,,
value_524,Value,DB10045,,,,
dataset_525,Dataset,Drug Ontology,,,,
field_525,Field,drug_id,,,,
dcfield_525,DublinCore,identifier,,,,
value_525,Value,DB10046,,,,
dataset_526,Dataset,Drug Ontology,,,,
field_526,Field,drug_id,,,,
dcfield_526,DublinCore,identifier,,,,
value_526,Value,DB10047,,,,
dataset_527,Dataset,Drug Ontology,,,,
field_527,Field,drug_id,,,,
dcfield_527,DublinCore,identifier,,,,
value_527,Value,DB10048,,,,
dataset_528,Dataset,Drug Ontology,,,,
field_528,Field,drug_id,,,,
dcfield_528,DublinCore,identifier,,,,
value_528,Value,DB10049,,,,
dataset_529,Dataset,Drug Ontology,,,,
field_529,Field,drug_name,,,,
dcfield_529,DublinCore,title,,,,
value_529,Drug,Drug_1,,,,
dataset_530,Dataset,Drug Ontology,,,,
field_530,Field,drug_name,,,,
dcfield_530,DublinCore,title,,,,
value_530,Drug,Drug_2,,,,
dataset_531,Dataset,Drug Ontology,,,,
field_531,Field,drug_name,,,,
dcfield_531,DublinCore,title,,,,
value_531,Drug,Drug_3,,,,
dataset_532,Dataset,Drug Ontology,,,,
field_532,Field,drug_name,,,,
dcfield_532,DublinCore,title,,,,
value_532,Drug,Drug_4,,,,
dataset_533,Dataset,Drug Ontology,,,,
field_533,Field,drug_name,,,,
dcfield_533,DublinCore,title,,,,
value_533,Drug,Drug_5,,,,
dataset_534,Dataset,Drug Ontology,,,,
field_534,Field,drug_name,,,,
dcfield_534,DublinCore,title,,,,
value_534,Drug,Drug_6,,,,
dataset_535,Dataset,Drug Ontology,,,,
field_535,Field,drug_name,,,,
dcfield_535,DublinCore,title,,,,
value_535,Drug,Drug_7,,,,
dataset_536,Dataset,Drug Ontology,,,,
field_536,Field,drug_name,,,,
dcfield_536,DublinCore,title,,,,
value_536,Drug,Drug_8,,,,
dataset_537,Dataset,Drug Ontology,,,,
field_537,Field,drug_name,,,,
dcfield_537,DublinCore,title,,,,
value_537,Drug,Drug_9,,,,
dataset_538,Dataset,Drug Ontology,,,,
field_538,Field,drug_name,,,,
dcfield_538,DublinCore,title,,,,
value_538,Drug,Drug_10,,,,
dataset_539,Dataset,Drug Ontology,,,,
field_539,Field,drug_name,,,,
dcfield_539,DublinCore,title,,,,
value_539,Drug,Drug_11,,,,
dataset_540,Dataset,Drug Ontology,,,,
field_540,Field,drug_name,,,,
dcfield_540,DublinCore,title,,,,
value_540,Drug,Drug_12,,,,
dataset_541,Dataset,Drug Ontology,,,,
field_541,Field,drug_name,,,,
dcfield_541,DublinCore,title,,,,
value_541,Drug,Drug_13,,,,
dataset_542,Dataset,Drug Ontology,,,,
field_542,Field,drug_name,,,,
dcfield_542,DublinCore,title,,,,
value_542,Drug,Drug_14,,,,
dataset_543,Dataset,Drug Ontology,,,,
field_543,Field,drug_name,,,,
dcfield_543,DublinCore,title,,,,
value_543,Drug,Drug_15,,,,
dataset_544,Dataset,Drug Ontology,,,,
field_544,Field,drug_name,,,,
dcfield_544,DublinCore,title,,,,
value_544,Drug,Drug_16,,,,
dataset_545,Dataset,Drug Ontology,,,,
field_545,Field,drug_name,,,,
dcfield_545,DublinCore,title,,,,
value_545,Drug,Drug_17,,,,
dataset_546,Dataset,Drug Ontology,,,,
field_546,Field,drug_name,,,,
dcfield_546,DublinCore,title,,,,
value_546,Drug,Drug_18,,,,
dataset_547,Dataset,Drug Ontology,,,,
field_547,Field,drug_name,,,,
dcfield_547,DublinCore,title,,,,
value_547,Drug,Drug_19,,,,
dataset_548,Dataset,Drug Ontology,,,,
field_548,Field,drug_name,,,,
dcfield_548,DublinCore,title,,,,
value_548,Drug,Drug_20,,,,
dataset_549,Dataset,Drug Ontology,,,,
field_549,Field,drug_name,,,,
dcfield_549,DublinCore,title,,,,
value_549,Drug,Drug_21,,,,
dataset_550,Dataset,Drug Ontology,,,,
field_550,Field,drug_name,,,,
dcfield_550,DublinCore,title,,,,
value_550,Drug,Drug_22,,,,
dataset_551,Dataset,Drug Ontology,,,,
field_551,Field,drug_name,,,,
dcfield_551,DublinCore,title,,,,
value_551,Drug,Drug_23,,,,
dataset_552,Dataset,Drug Ontology,,,,
field_552,Field,drug_name,,,,
dcfield_552,DublinCore,title,,,,
value_552,Drug,Drug_24,,,,
dataset_553,Dataset,Drug Ontology,,,,
field_553,Field,drug_name,,,,
dcfield_553,DublinCore,title,,,,
value_553,Drug,Drug_25,,,,
dataset_554,Dataset,Drug Ontology,,,,
field_554,Field,drug_name,,,,
dcfield_554,DublinCore,title,,,,
value_554,Drug,Drug_26,,,,
dataset_555,Dataset,Drug Ontology,,,,
field_555,Field,drug_name,,,,
dcfield_555,DublinCore,title,,,,
value_555,Drug,Drug_27,,,,
dataset_556,Dataset,Drug Ontology,,,,
field_556,Field,drug_name,,,,
dcfield_556,DublinCore,title,,,,
value_556,Drug,Drug_28,,,,
dataset_557,Dataset,Drug Ontology,,,,
field_557,Field,drug_name,,,,
dcfield_557,DublinCore,title,,,,
value_557,Drug,Drug_29,,,,
dataset_558,Dataset,Drug Ontology,,,,
field_558,Field,drug_name,,,,
dcfield_558,DublinCore,title,,,,
value_558,Drug,Drug_30,,,,
dataset_559,Dataset,Drug Ontology,,,,
field_559,Field,drug_name,,,,
dcfield_559,DublinCore,title,,,,
value_559,Drug,Drug_31,,,,
dataset_560,Dataset,Drug Ontology,,,,
field_560,Field,drug_name,,,,
dcfield_560,DublinCore,title,,,,
value_560,Drug,Drug_32,,,,
dataset_561,Dataset,Drug Ontology,,,,
field_561,Field,drug_name,,,,
dcfield_561,DublinCore,title,,,,
value_561,Drug,Drug_33,,,,
dataset_562,Dataset,Drug Ontology,,,,
field_562,Field,drug_name,,,,
dcfield_562,DublinCore,title,,,,
value_562,Drug,Drug_34,,,,
dataset_563,Dataset,Drug Ontology,,,,
field_563,Field,drug_name,,,,
dcfield_563,DublinCore,title,,,,
value_563,Drug,Drug_35,,,,
dataset_564,Dataset,Drug Ontology,,,,
field_564,Field,drug_name,,,,
dcfield_564,DublinCore,title,,,,
value_564,Drug,Drug_36,,,,
dataset_565,Dataset,Drug Ontology,,,,
field_565,Field,drug_name,,,,
dcfield_565,DublinCore,title,,,,
value_565,Drug,Drug_37,,,,
dataset_566,Dataset,Drug Ontology,,,,
field_566,Field,drug_name,,,,
dcfield_566,DublinCore,title,,,,
value_566,Drug,Drug_38,,,,
dataset_567,Dataset,Drug Ontology,,,,
field_567,Field,drug_name,,,,
dcfield_567,DublinCore,title,,,,
value_567,Drug,Drug_39,,,,
dataset_568,Dataset,Drug Ontology,,,,
field_568,Field,drug_name,,,,
dcfield_568,DublinCore,title,,,,
value_568,Drug,Drug_40,,,,
dataset_569,Dataset,Drug Ontology,,,,
field_569,Field,drug_name,,,,
dcfield_569,DublinCore,title,,,,
value_569,Drug,Drug_41,,,,
dataset_570,Dataset,Drug Ontology,,,,
field_570,Field,drug_name,,,,
dcfield_570,DublinCore,title,,,,
value_570,Drug,Drug_42,,,,
dataset_571,Dataset,Drug Ontology,,,,
field_571,Field,drug_name,,,,
dcfield_571,DublinCore,title,,,,
value_571,Drug,Drug_43,,,,
dataset_572,Dataset,Drug Ontology,,,,
field_572,Field,drug_name,,,,
dcfield_572,DublinCore,title,,,,
value_572,Drug,Drug_44,,,,
dataset_573,Dataset,Drug Ontology,,,,
field_573,Field,drug_name,,,,
dcfield_573,DublinCore,title,,,,
value_573,Drug,Drug_45,,,,
dataset_574,Dataset,Drug Ontology,,,,
field_574,Field,drug_name,,,,
dcfield_574,DublinCore,title,,,,
value_574,Drug,Drug_46,,,,
dataset_575,Dataset,Drug Ontology,,,,
field_575,Field,drug_name,,,,
dcfield_575,DublinCore,title,,,,
value_575,Drug,Drug_47,,,,
dataset_576,Dataset,Drug Ontology,,,,
field_576,Field,drug_name,,,,
dcfield_576,DublinCore,title,,,,
value_576,Drug,Drug_48,,,,
dataset_577,Dataset,Drug Ontology,,,,
field_577,Field,drug_name,,,,
dcfield_577,DublinCore,title,,,,
value_577,Drug,Drug_49,,,,
dataset_578,Dataset,Drug Ontology,,,,
field_578,Field,drug_name,,,,
dcfield_578,DublinCore,title,,,,
value_578,Drug,Drug_50,,,,
dataset_579,Dataset,Drug Ontology,,,,
field_579,Field,generic_name,,,,
dcfield_579,DublinCore,subject,,,,
value_579,Value,Remdesivir,,,,
dataset_580,Dataset,Drug Ontology,,,,
field_580,Field,generic_name,,,,
dcfield_580,DublinCore,subject,,,,
value_580,Value,Paracetamol,,,,
dataset_581,Dataset,Drug Ontology,,,,
field_581,Field,generic_name,,,,
dcfield_581,DublinCore,subject,,,,
value_581,Value,Atorvastatin,,,,
dataset_582,Dataset,Drug Ontology,,,,
field_582,Field,generic_name,,,,
dcfield_582,DublinCore,subject,,,,
value_582,Value,Metformin,,,,
dataset_583,Dataset,Drug Ontology,,,,
field_583,Field,generic_name,,,,
dcfield_583,DublinCore,subject,,,,
value_583,Value,Amlodipine,,,,
dataset_584,Dataset,Drug Ontology,,,,
field_584,Field,generic_name,,,,
dcfield_584,DublinCore,subject,,,,
value_584,Value,Insulin,,,,
dataset_585,Dataset,Drug Ontology,,,,
field_585,Field,drug_class,,,,
dcfield_585,DublinCore,type,,,,
value_585,Value,Chemotherapy,,,,
dataset_586,Dataset,Drug Ontology,,,,
field_586,Field,drug_class,,,,
dcfield_586,DublinCore,type,,,,
value_586,Value,Antiviral,,,,
dataset_587,Dataset,Drug Ontology,,,,
field_587,Field,drug_class,,,,
dcfield_587,DublinCore,type,,,,
value_587,Value,Antibiotic,,,,
dataset_588,Dataset,Drug Ontology,,,,
field_588,Field,drug_class,,,,
dcfield_588,DublinCore,type,,,,
value_588,Value,Statin,,,,
dataset_589,Dataset,Drug Ontology,,,,
field_589,Field,drug_class,,,,
dcfield_589,DublinCore,type,,,,
value_589,Value,Analgesic,,,,
dataset_590,Dataset,Drug Ontology,,,,
field_590,Field,drug_class,,,,
dcfield_590,DublinCore,type,,,,
value_590,Value,Antidiabetic,,,,
dataset_591,Dataset,Drug Ontology,,,,
field_591,Field,drug_class,,,,
dcfield_591,DublinCore,type,,,,
value_591,Value,Antihypertensive,,,,
dataset_592,Dataset,Drug Ontology,,,,
field_592,Field,mechanism_of_action,,,,
dcfield_592,DublinCore,description,,,,
value_592,Value,Beta Blocker,,,,
dataset_593,Dataset,Drug Ontology,,,,
field_593,Field,mechanism_of_action,,,,
dcfield_593,DublinCore,description,,,,
value_593,Value,HMG-CoA Reductase Inhibitor,,,,
dataset_594,Dataset,Drug Ontology,,,,
field_594,Field,mechanism_of_action,,,,
dcfield_594,DublinCore,description,,,,
value_594,Value,Insulin Sensitizer,,,,
dataset_595,Dataset,Drug Ontology,,,,
field_595,Field,mechanism_of_action,,,,
dcfield_595,DublinCore,description,,,,
value_595,Value,Protease Inhibitor,,,,
dataset_596,Dataset,Drug Ontology,,,,
field_596,Field,mechanism_of_action,,,,
dcfield_596,DublinCore,description,,,,
value_596,Value,COX Inhibitor,,,,
dataset_597,Dataset,Drug Ontology,,,,
field_597,Field,mechanism_of_action,,,,
dcfield_597,DublinCore,description,,,,
value_597,Value,ACE Inhibitor,,,,
dataset_598,Dataset,Drug Ontology,,,,
field_598,Field,mechanism_of_action,,,,
dcfield_598,DublinCore,description,,,,
value_598,Value,DNA Synthesis Inhibitor,,,,
dataset_599,Dataset,Drug Ontology,,,,
field_599,Field,route_of_administration,,,,
dcfield_599,DublinCore,format,,,,
value_599,Value,Topical,,,,
dataset_600,Dataset,Drug Ontology,,,,
field_600,Field,route_of_administration,,,,
dcfield_600,DublinCore,format,,,,
value_600,Value,Injection,,,,
dataset_601,Dataset,Drug Ontology,,,,
field_601,Field,route_of_administration,,,,
dcfield_601,DublinCore,format,,,,
value_601,Value,IV,,,,
dataset_602,Dataset,Drug Ontology,,,,
field_602,Field,route_of_administration,,,,
dcfield_602,DublinCore,format,,,,
value_602,Value,Oral,,,,
dataset_603,Dataset,Drug Ontology,,,,
field_603,Field,atc_code,,,,
dcfield_603,DublinCore,identifier,,,,
value_603,Value,ATC00001,,,,
dataset_604,Dataset,Drug Ontology,,,,
field_604,Field,atc_code,,,,
dcfield_604,DublinCore,identifier,,,,
value_604,Value,ATC00002,,,,
dataset_605,Dataset,Drug Ontology,,,,
field_605,Field,atc_code,,,,
dcfield_605,DublinCore,identifier,,,,
value_605,Value,ATC00003,,,,
dataset_606,Dataset,Drug Ontology,,,,
field_606,Field,atc_code,,,,
dcfield_606,DublinCore,identifier,,,,
value_606,Value,ATC00004,,,,
dataset_607,Dataset,Drug Ontology,,,,
field_607,Field,atc_code,,,,
dcfield_607,DublinCore,identifier,,,,
value_607,Value,ATC00005,,,,
dataset_608,Dataset,Drug Ontology,,,,
field_608,Field,atc_code,,,,
dcfield_608,DublinCore,identifier,,,,
value_608,Value,ATC00006,,,,
dataset_609,Dataset,Drug Ontology,,,,
field_609,Field,atc_code,,,,
dcfield_609,DublinCore,identifier,,,,
value_609,Value,ATC00007,,,,
dataset_610,Dataset,Drug Ontology,,,,
field_610,Field,atc_code,,,,
dcfield_610,DublinCore,identifier,,,,
value_610,Value,ATC00008,,,,
dataset_611,Dataset,Drug Ontology,,,,
field_611,Field,atc_code,,,,
dcfield_611,DublinCore,identifier,,,,
value_611,Value,ATC00009,,,,
dataset_612,Dataset,Drug Ontology,,,,
field_612,Field,atc_code,,,,
dcfield_612,DublinCore,identifier,,,,
value_612,Value,ATC00010,,,,
dataset_613,Dataset,Drug Ontology,,,,
field_613,Field,atc_code,,,,
dcfield_613,DublinCore,identifier,,,,
value_613,Value,ATC00011,,,,
dataset_614,Dataset,Drug Ontology,,,,
field_614,Field,atc_code,,,,
dcfield_614,DublinCore,identifier,,,,
value_614,Value,ATC00012,,,,
dataset_615,Dataset,Drug Ontology,,,,
field_615,Field,atc_code,,,,
dcfield_615,DublinCore,identifier,,,,
value_615,Value,ATC00013,,,,
dataset_616,Dataset,Drug Ontology,,,,
field_616,Field,atc_code,,,,
dcfield_616,DublinCore,identifier,,,,
value_616,Value,ATC00014,,,,
dataset_617,Dataset,Drug Ontology,,,,
field_617,Field,atc_code,,,,
dcfield_617,DublinCore,identifier,,,,
value_617,Value,ATC00015,,,,
dataset_618,Dataset,Drug Ontology,,,,
field_618,Field,atc_code,,,,
dcfield_618,DublinCore,identifier,,,,
value_618,Value,ATC00016,,,,
dataset_619,Dataset,Drug Ontology,,,,
field_619,Field,atc_code,,,,
dcfield_619,DublinCore,identifier,,,,
value_619,Value,ATC00017,,,,
dataset_620,Dataset,Drug Ontology,,,,
field_620,Field,atc_code,,,,
dcfield_620,DublinCore,identifier,,,,
value_620,Value,ATC00018,,,,
dataset_621,Dataset,Drug Ontology,,,,
field_621,Field,atc_code,,,,
dcfield_621,DublinCore,identifier,,,,
value_621,Value,ATC00019,,,,
dataset_622,Dataset,Drug Ontology,,,,
field_622,Field,atc_code,,,,
dcfield_622,DublinCore,identifier,,,,
value_622,Value,ATC00020,,,,
dataset_623,Dataset,Drug Ontology,,,,
field_623,Field,atc_code,,,,
dcfield_623,DublinCore,identifier,,,,
value_623,Value,ATC00021,,,,
dataset_624,Dataset,Drug Ontology,,,,
field_624,Field,atc_code,,,,
dcfield_624,DublinCore,identifier,,,,
value_624,Value,ATC00022,,,,
dataset_625,Dataset,Drug Ontology,,,,
field_625,Field,atc_code,,,,
dcfield_625,DublinCore,identifier,,,,
value_625,Value,ATC00023,,,,
dataset_626,Dataset,Drug Ontology,,,,
field_626,Field,atc_code,,,,
dcfield_626,DublinCore,identifier,,,,
value_626,Value,ATC00024,,,,
dataset_627,Dataset,Drug Ontology,,,,
field_627,Field,atc_code,,,,
dcfield_627,DublinCore,identifier,,,,
value_627,Value,ATC00025,,,,
dataset_628,Dataset,Drug Ontology,,,,
field_628,Field,atc_code,,,,
dcfield_628,DublinCore,identifier,,,,
value_628,Value,ATC00026,,,,
dataset_629,Dataset,Drug Ontology,,,,
field_629,Field,atc_code,,,,
dcfield_629,DublinCore,identifier,,,,
value_629,Value,ATC00027,,,,
dataset_630,Dataset,Drug Ontology,,,,
field_630,Field,atc_code,,,,
dcfield_630,DublinCore,identifier,,,,
value_630,Value,ATC00028,,,,
dataset_631,Dataset,Drug Ontology,,,,
field_631,Field,atc_code,,,,
dcfield_631,DublinCore,identifier,,,,
value_631,Value,ATC00029,,,,
dataset_632,Dataset,Drug Ontology,,,,
field_632,Field,atc_code,,,,
dcfield_632,DublinCore,identifier,,,,
value_632,Value,ATC00030,,,,
dataset_633,Dataset,Drug Ontology,,,,
field_633,Field,atc_code,,,,
dcfield_633,DublinCore,identifier,,,,
value_633,Value,ATC00031,,,,
dataset_634,Dataset,Drug Ontology,,,,
field_634,Field,atc_code,,,,
dcfield_634,DublinCore,identifier,,,,
value_634,Value,ATC00032,,,,
dataset_635,Dataset,Drug Ontology,,,,
field_635,Field,atc_code,,,,
dcfield_635,DublinCore,identifier,,,,
value_635,Value,ATC00033,,,,
dataset_636,Dataset,Drug Ontology,,,,
field_636,Field,atc_code,,,,
dcfield_636,DublinCore,identifier,,,,
value_636,Value,ATC00034,,,,
dataset_637,Dataset,Drug Ontology,,,,
field_637,Field,atc_code,,,,
dcfield_637,DublinCore,identifier,,,,
value_637,Value,ATC00035,,,,
dataset_638,Dataset,Drug Ontology,,,,
field_638,Field,atc_code,,,,
dcfield_638,DublinCore,identifier,,,,
value_638,Value,ATC00036,,,,
dataset_639,Dataset,Drug Ontology,,,,
field_639,Field,atc_code,,,,
dcfield_639,DublinCore,identifier,,,,
value_639,Value,ATC00037,,,,
dataset_640,Dataset,Drug Ontology,,,,
field_640,Field,atc_code,,,,
dcfield_640,DublinCore,identifier,,,,
value_640,Value,ATC00038,,,,
dataset_641,Dataset,Drug Ontology,,,,
field_641,Field,atc_code,,,,
dcfield_641,DublinCore,identifier,,,,
value_641,Value,ATC00039,,,,
dataset_642,Dataset,Drug Ontology,,,,
field_642,Field,atc_code,,,,
dcfield_642,DublinCore,identifier,,,,
value_642,Value,ATC00040,,,,
dataset_643,Dataset,Drug Ontology,,,,
field_643,Field,atc_code,,,,
dcfield_643,DublinCore,identifier,,,,
value_643,Value,ATC00041,,,,
dataset_644,Dataset,Drug Ontology,,,,
field_644,Field,atc_code,,,,
dcfield_644,DublinCore,identifier,,,,
value_644,Value,ATC00042,,,,
dataset_645,Dataset,Drug Ontology,,,,
field_645,Field,atc_code,,,,
dcfield_645,DublinCore,identifier,,,,
value_645,Value,ATC00043,,,,
dataset_646,Dataset,Drug Ontology,,,,
field_646,Field,atc_code,,,,
dcfield_646,DublinCore,identifier,,,,
value_646,Value,ATC00044,,,,
dataset_647,Dataset,Drug Ontology,,,,
field_647,Field,atc_code,,,,
dcfield_647,DublinCore,identifier,,,,
value_647,Value,ATC00045,,,,
dataset_648,Dataset,Drug Ontology,,,,
field_648,Field,atc_code,,,,
dcfield_648,DublinCore,identifier,,,,
value_648,Value,ATC00046,,,,
dataset_649,Dataset,Drug Ontology,,,,
field_649,Field,atc_code,,,,
dcfield_649,DublinCore,identifier,,,,
value_649,Value,ATC00047,,,,
dataset_650,Dataset,Drug Ontology,,,,
field_650,Field,atc_code,,,,
dcfield_650,DublinCore,identifier,,,,
value_650,Value,ATC00048,,,,
dataset_651,Dataset,Drug Ontology,,,,
field_651,Field,atc_code,,,,
dcfield_651,DublinCore,identifier,,,,
value_651,Value,ATC00049,,,,
dataset_652,Dataset,Drug Ontology,,,,
field_652,Field,atc_code,,,,
dcfield_652,DublinCore,identifier,,,,
value_652,Value,ATC00050,,,,
dataset_653,Dataset,Drug Ontology,,,,
field_653,Field,approved,,,,
dcfield_653,DublinCore,rights,,,,
value_653,Value,Yes,,,,
dataset_654,Dataset,Drug Ontology,,,,
field_654,Field,approved,,,,
dcfield_654,DublinCore,rights,,,,
value_654,Value,No,,,,
dataset_655,Dataset,Drug Ontology,,,,
field_655,Field,synonyms,,,,
dcfield_655,DublinCore,relation,,,,
value_655,Value,Med5|Med2|Med4,,,,
dataset_656,Dataset,Drug Ontology,,,,
field_656,Field,synonyms,,,,
dcfield_656,DublinCore,relation,,,,
value_656,Value,Med3|Med5|Med4,,,,
dataset_657,Dataset,Drug Ontology,,,,
field_657,Field,synonyms,,,,
dcfield_657,DublinCore,relation,,,,
value_657,Value,Med4|Med2|Med5,,,,
dataset_658,Dataset,Drug Ontology,,,,
field_658,Field,synonyms,,,,
dcfield_658,DublinCore,relation,,,,
value_658,Value,Med2|Med3|Med5,,,,
dataset_659,Dataset,Drug Ontology,,,,
field_659,Field,synonyms,,,,
dcfield_659,DublinCore,relation,,,,
value_659,Value,Med3|Med2|Med4,,,,
dataset_660,Dataset,Drug Ontology,,,,
field_660,Field,synonyms,,,,
dcfield_660,DublinCore,relation,,,,
value_660,Value,Med3|Med4|Med2,,,,
dataset_661,Dataset,Drug Ontology,,,,
field_661,Field,synonyms,,,,
dcfield_661,DublinCore,relation,,,,
value_661,Value,Med1|Med3|Med5,,,,
dataset_662,Dataset,Drug Ontology,,,,
field_662,Field,synonyms,,,,
dcfield_662,DublinCore,relation,,,,
value_662,Value,Med3|Med5|Med2,,,,
dataset_663,Dataset,Drug Ontology,,,,
field_663,Field,synonyms,,,,
dcfield_663,DublinCore,relation,,,,
value_663,Value,Med5|Med1|Med3,,,,
dataset_664,Dataset,Drug Ontology,,,,
field_664,Field,synonyms,,,,
dcfield_664,DublinCore,relation,,,,
value_664,Value,Med2|Med3|Med1,,,,
dataset_665,Dataset,Drug Ontology,,,,
field_665,Field,synonyms,,,,
dcfield_665,DublinCore,relation,,,,
value_665,Value,Med1|Med4|Med5,,,,
dataset_666,Dataset,Drug Ontology,,,,
field_666,Field,synonyms,,,,
dcfield_666,DublinCore,relation,,,,
value_666,Value,Med1|Med3|Med4,,,,
dataset_667,Dataset,Drug Ontology,,,,
field_667,Field,synonyms,,,,
dcfield_667,DublinCore,relation,,,,
value_667,Value,Med2|Med5|Med4,,,,
dataset_668,Dataset,Drug Ontology,,,,
field_668,Field,synonyms,,,,
dcfield_668,DublinCore,relation,,,,
value_668,Value,Med5|Med4|Med3,,,,
dataset_669,Dataset,Drug Ontology,,,,
field_669,Field,synonyms,,,,
dcfield_669,DublinCore,relation,,,,
value_669,Value,Med2|Med5|Med1,,,,
dataset_670,Dataset,Drug Ontology,,,,
field_670,Field,synonyms,,,,
dcfield_670,DublinCore,relation,,,,
value_670,Value,Med1|Med4|Med2,,,,
dataset_671,Dataset,Drug Ontology,,,,
field_671,Field,synonyms,,,,
dcfield_671,DublinCore,relation,,,,
value_671,Value,Med3|Med5|Med1,,,,
dataset_672,Dataset,Drug Ontology,,,,
field_672,Field,synonyms,,,,
dcfield_672,DublinCore,relation,,,,
value_672,Value,Med5|Med3|Med4,,,,
dataset_673,Dataset,Drug Ontology,,,,
field_673,Field,synonyms,,,,
dcfield_673,DublinCore,relation,,,,
value_673,Value,Med4|Med3|Med2,,,,
dataset_674,Dataset,Drug Ontology,,,,
field_674,Field,synonyms,,,,
dcfield_674,DublinCore,relation,,,,
value_674,Value,Med2|Med1|Med5,,,,
dataset_675,Dataset,Drug Ontology,,,,
field_675,Field,synonyms,,,,
dcfield_675,DublinCore,relation,,,,
value_675,Value,Med5|Med2|Med3,,,,
dataset_676,Dataset,Drug Ontology,,,,
field_676,Field,synonyms,,,,
dcfield_676,DublinCore,relation,,,,
value_676,Value,Med5|Med4|Med1,,,,
dataset_677,Dataset,Drug Ontology,,,,
field_677,Field,synonyms,,,,
dcfield_677,DublinCore,relation,,,,
value_677,Value,Med5|Med4|Med2,,,,
dataset_678,Dataset,Drug Ontology,,,,
field_678,Field,synonyms,,,,
dcfield_678,DublinCore,relation,,,,
value_678,Value,Med2|Med1|Med4,,,,
dataset_679,Dataset,Drug Ontology,,,,
field_679,Field,synonyms,,,,
dcfield_679,DublinCore,relation,,,,
value_679,Value,Med2|Med1|Med3,,,,
dataset_680,Dataset,Drug Ontology,,,,
field_680,Field,synonyms,,,,
dcfield_680,DublinCore,relation,,,,
value_680,Value,Med4|Med3|Med1,,,,
dataset_681,Dataset,Drug Ontology,,,,
field_681,Field,synonyms,,,,
dcfield_681,DublinCore,relation,,,,
value_681,Value,Med4|Med1|Med5,,,,
dataset_682,Dataset,Drug Ontology,,,,
field_682,Field,synonyms,,,,
dcfield_682,DublinCore,relation,,,,
value_682,Value,Med3|Med2|Med5,,,,
dataset_683,Dataset,Drug Ontology,,,,
field_683,Field,synonyms,,,,
dcfield_683,DublinCore,relation,,,,
value_683,Value,Med4|Med3|Med5,,,,
dataset_684,Dataset,Drug Ontology,,,,
field_684,Field,synonyms,,,,
dcfield_684,DublinCore,relation,,,,
value_684,Value,Med5|Med1|Med4,,,,
dataset_685,Dataset,Drug Ontology,,,,
field_685,Field,synonyms,,,,
dcfield_685,DublinCore,relation,,,,
value_685,Value,Med3|Med1|Med4,,,,
dataset_686,Dataset,Drug Ontology,,,,
field_686,Field,synonyms,,,,
dcfield_686,DublinCore,relation,,,,
value_686,Value,Med1|Med3|Med2,,,,
dataset_687,Dataset,Drug Ontology,,,,
field_687,Field,synonyms,,,,
dcfield_687,DublinCore,relation,,,,
value_687,Value,Med4|Med5|Med2,,,,
dataset_688,Dataset,Drug Ontology,,,,
field_688,Field,synonyms,,,,
dcfield_688,DublinCore,relation,,,,
value_688,Value,Med4|Med2|Med3,,,,
dataset_689,Dataset,Drug Ontology,,,,
field_689,Field,synonyms,,,,
dcfield_689,DublinCore,relation,,,,
value_689,Value,Med3|Med1|Med2,,,,
dataset_690,Dataset,Drug Ontology,,,,
field_690,Field,synonyms,,,,
dcfield_690,DublinCore,relation,,,,
value_690,Value,Med3|Med4|Med1,,,,
dataset_691,Dataset,Drug Ontology,,,,
field_691,Field,synonyms,,,,
dcfield_691,DublinCore,relation,,,,
value_691,Value,Med1|Med5|Med3,,,,
dataset_692,Dataset,Drug Ontology,,,,
field_692,Field,synonyms,,,,
dcfield_692,DublinCore,relation,,,,
value_692,Value,Med3|Med1|Med5,,,,
dataset_693,Dataset,Drug Ontology,,,,
field_693,Field,synonyms,,,,
dcfield_693,DublinCore,relation,,,,
value_693,Value,Med3|Med4|Med5,,,,
dataset_694,Dataset,Drug Ontology,,,,
field_694,Field,synonyms,,,,
dcfield_694,DublinCore,relation,,,,
value_694,Value,Med1|Med2|Med3,,,,
dataset_695,Dataset,Drug Ontology,,,,
field_695,Field,synonyms,,,,
dcfield_695,DublinCore,relation,,,,
value_695,Value,Med5|Med1|Med2,,,,
dataset_696,Dataset,Drug Ontology,,,,
field_696,Field,synonyms,,,,
dcfield_696,DublinCore,relation,,,,
value_696,Value,Med2|Med4|Med5,,,,
dataset_697,Dataset,Drug Ontology,,,,
field_697,Field,synonyms,,,,
dcfield_697,DublinCore,relation,,,,
value_697,Value,Med5|Med3|Med1,,,,
dataset_698,Dataset,Drug Ontology,,,,
field_698,Field,synonyms,,,,
dcfield_698,DublinCore,relation,,,,
value_698,Value,Med5|Med3|Med2,,,,
dataset_699,Dataset,Drug Ontology,,,,
field_699,Field,synonyms,,,,
dcfield_699,DublinCore,relation,,,,
value_699,Value,Med4|Med2|Med1,,,,
dataset_700,Dataset,Drug Ontology,,,,
field_700,Field,synonyms,,,,
dcfield_700,DublinCore,relation,,,,
value_700,Value,Med1|Med5|Med4,,,,
dataset_701,Dataset,Drug Ontology,,,,
field_701,Field,synonyms,,,,
dcfield_701,DublinCore,relation,,,,
value_701,Value,Med1|Med2|Med4,,,,
dataset_702,Dataset,Drug Ontology,,,,
field_702,Field,synonyms,,,,
dcfield_702,DublinCore,relation,,,,
value_702,Value,Med1|Med5|Med2,,,,
dataset_703,Dataset,Drug Ontology,,,,
field_703,Field,synonyms,,,,
dcfield_703,DublinCore,relation,,,,
value_703,Value,Med2|Med5|Med3,,,,
dataset_704,Dataset,Drug Ontology,,,,
field_704,Field,synonyms,,,,
dcfield_704,DublinCore,relation,,,,
value_704,Value,Med4|Med1|Med2,,,,
