source,target,relation
dataset_0,field_0,HAS_FIELD
field_0,dcfield_0,MAPPED_TO
field_0,value_0,HAS_VALUE
dataset_1,field_1,HAS_FIELD
field_1,dcfield_1,MAPPED_TO
field_1,value_1,HAS_VALUE
dataset_2,field_2,HAS_FIELD
field_2,dcfield_2,MAPPED_TO
field_2,value_2,HAS_VALUE
dataset_3,field_3,HAS_FIELD
field_3,dcfield_3,MAPPED_TO
field_3,value_3,HAS_VALUE
dataset_4,field_4,HAS_FIELD
field_4,dcfield_4,MAPPED_TO
field_4,value_4,HAS_VALUE
dataset_5,field_5,HAS_FIELD
field_5,dcfield_5,MAPPED_TO
field_5,value_5,HAS_VALUE
dataset_6,field_6,HAS_FIELD
field_6,dcfield_6,MAPPED_TO
field_6,value_6,HAS_VALUE
dataset_7,field_7,HAS_FIELD
field_7,dcfield_7,MAPPED_TO
field_7,value_7,HAS_VALUE
dataset_8,field_8,HAS_FIELD
field_8,dcfield_8,MAPPED_TO
field_8,value_8,HAS_VALUE
dataset_9,field_9,HAS_FIELD
field_9,dcfield_9,MAPPED_TO
field_9,value_9,HAS_VALUE
dataset_10,field_10,HAS_FIELD
field_10,dcfield_10,MAPPED_TO
field_10,value_10,HAS_VALUE
dataset_11,field_11,HAS_FIELD
field_11,dcfield_11,MAPPED_TO
field_11,value_11,HAS_VALUE
dataset_12,field_12,HAS_FIELD
field_12,dcfield_12,MAPPED_TO
field_12,value_12,HAS_VALUE
dataset_13,field_13,HAS_FIELD
field_13,dcfield_13,MAPPED_TO
field_13,value_13,HAS_VALUE
dataset_14,field_14,HAS_FIELD
field_14,dcfield_14,MAPPED_TO
field_14,value_14,HAS_VALUE
dataset_15,field_15,HAS_FIELD
field_15,dcfield_15,MAPPED_TO
field_15,value_15,HAS_VALUE
dataset_16,field_16,HAS_FIELD
field_16,dcfield_16,MAPPED_TO
field_16,value_16,HAS_VALUE
dataset_17,field_17,HAS_FIELD
field_17,dcfield_17,MAPPED_TO
field_17,value_17,HAS_VALUE
dataset_18,field_18,HAS_FIELD
field_18,dcfield_18,MAPPED_TO
field_18,value_18,HAS_VALUE
dataset_19,field_19,HAS_FIELD
field_19,dcfield_19,MAPPED_TO
field_19,value_19,HAS_VALUE
dataset_20,field_20,HAS_FIELD
field_20,dcfield_20,MAPPED_TO
field_20,value_20,HAS_VALUE
dataset_21,field_21,HAS_FIELD
field_21,dcfield_21,MAPPED_TO
field_21,value_21,HAS_VALUE
dataset_22,field_22,HAS_FIELD
field_22,dcfield_22,MAPPED_TO
field_22,value_22,HAS_VALUE
dataset_23,field_23,HAS_FIELD
field_23,dcfield_23,MAPPED_TO
field_23,value_23,HAS_VALUE
dataset_24,field_24,HAS_FIELD
field_24,dcfield_24,MAPPED_TO
field_24,value_24,HAS_VALUE
dataset_25,field_25,HAS_FIELD
field_25,dcfield_25,MAPPED_TO
field_25,value_25,HAS_VALUE
dataset_26,field_26,HAS_FIELD
field_26,dcfield_26,MAPPED_TO
field_26,value_26,HAS_VALUE
dataset_27,field_27,HAS_FIELD
field_27,dcfield_27,MAPPED_TO
field_27,value_27,HAS_VALUE
dataset_28,field_28,HAS_FIELD
field_28,dcfield_28,MAPPED_TO
field_28,value_28,HAS_VALUE
dataset_29,field_29,HAS_FIELD
field_29,dcfield_29,MAPPED_TO
field_29,value_29,HAS_VALUE
dataset_30,field_30,HAS_FIELD
field_30,dcfield_30,MAPPED_TO
field_30,value_30,HAS_VALUE
dataset_31,field_31,HAS_FIELD
field_31,dcfield_31,MAPPED_TO
field_31,value_31,HAS_VALUE
dataset_32,field_32,HAS_FIELD
field_32,dcfield_32,MAPPED_TO
field_32,value_32,HAS_VALUE
dataset_33,field_33,HAS_FIELD
field_33,dcfield_33,MAPPED_TO
field_33,value_33,HAS_VALUE
dataset_34,field_34,HAS_FIELD
field_34,dcfield_34,MAPPED_TO
field_34,value_34,HAS_VALUE
dataset_35,field_35,HAS_FIELD
field_35,dcfield_35,MAPPED_TO
field_35,value_35,HAS_VALUE
dataset_36,field_36,HAS_FIELD
field_36,dcfield_36,MAPPED_TO
field_36,value_36,HAS_VALUE
dataset_37,field_37,HAS_FIELD
field_37,dcfield_37,MAPPED_TO
field_37,value_37,HAS_VALUE
dataset_38,field_38,HAS_FIELD
field_38,dcfield_38,MAPPED_TO
field_38,value_38,HAS_VALUE
dataset_39,field_39,HAS_FIELD
field_39,dcfield_39,MAPPED_TO
field_39,value_39,HAS_VALUE
dataset_40,field_40,HAS_FIELD
field_40,dcfield_40,MAPPED_TO
field_40,value_40,HAS_VALUE
dataset_41,field_41,HAS_FIELD
field_41,dcfield_41,MAPPED_TO
field_41,value_41,HAS_VALUE
dataset_42,field_42,HAS_FIELD
field_42,dcfield_42,MAPPED_TO
field_42,value_42,HAS_VALUE
dataset_43,field_43,HAS_FIELD
field_43,dcfield_43,MAPPED_TO
field_43,value_43,HAS_VALUE
dataset_44,field_44,HAS_FIELD
field_44,dcfield_44,MAPPED_TO
field_44,value_44,HAS_VALUE
dataset_45,field_45,HAS_FIELD
field_45,dcfield_45,MAPPED_TO
field_45,value_45,HAS_VALUE
dataset_46,field_46,HAS_FIELD
field_46,dcfield_46,MAPPED_TO
field_46,value_46,HAS_VALUE
dataset_47,field_47,HAS_FIELD
field_47,dcfield_47,MAPPED_TO
field_47,value_47,HAS_VALUE
dataset_48,field_48,HAS_FIELD
field_48,dcfield_48,MAPPED_TO
field_48,value_48,HAS_VALUE
dataset_49,field_49,HAS_FIELD
field_49,dcfield_49,MAPPED_TO
field_49,value_49,HAS_VALUE
value_50,concept_50_0,NORMALIZED_TO
dataset_50,field_50,HAS_FIELD
field_50,dcfield_50,MAPPED_TO
field_50,value_50,HAS_VALUE
dataset_51,field_51,HAS_FIELD
field_51,dcfield_51,MAPPED_TO
field_51,value_51,HAS_VALUE
value_52,concept_52_0,NORMALIZED_TO
dataset_52,field_52,HAS_FIELD
field_52,dcfield_52,MAPPED_TO
field_52,value_52,HAS_VALUE
dataset_53,field_53,HAS_FIELD
field_53,dcfield_53,MAPPED_TO
field_53,value_53,HAS_VALUE
dataset_54,field_54,HAS_FIELD
field_54,dcfield_54,MAPPED_TO
field_54,value_54,HAS_VALUE
dataset_55,field_55,HAS_FIELD
field_55,dcfield_55,MAPPED_TO
field_55,value_55,HAS_VALUE
value_56,concept_56_0,NORMALIZED_TO
dataset_56,field_56,HAS_FIELD
field_56,dcfield_56,MAPPED_TO
field_56,value_56,HAS_VALUE
value_57,concept_57_0,NORMALIZED_TO
dataset_57,field_57,HAS_FIELD
field_57,dcfield_57,MAPPED_TO
field_57,value_57,HAS_VALUE
dataset_58,field_58,HAS_FIELD
field_58,dcfield_58,MAPPED_TO
field_58,value_58,HAS_VALUE
dataset_59,field_59,HAS_FIELD
field_59,dcfield_59,MAPPED_TO
field_59,value_59,HAS_VALUE
dataset_60,field_60,HAS_FIELD
field_60,dcfield_60,MAPPED_TO
field_60,value_60,HAS_VALUE
value_61,concept_61_0,NORMALIZED_TO
dataset_61,field_61,HAS_FIELD
field_61,dcfield_61,MAPPED_TO
field_61,value_61,HAS_VALUE
dataset_62,field_62,HAS_FIELD
field_62,dcfield_62,MAPPED_TO
field_62,value_62,HAS_VALUE
dataset_63,field_63,HAS_FIELD
field_63,dcfield_63,MAPPED_TO
field_63,value_63,HAS_VALUE
dataset_64,field_64,HAS_FIELD
field_64,dcfield_64,MAPPED_TO
field_64,value_64,HAS_VALUE
dataset_65,field_65,HAS_FIELD
field_65,dcfield_65,MAPPED_TO
field_65,value_65,HAS_VALUE
dataset_66,field_66,HAS_FIELD
field_66,dcfield_66,MAPPED_TO
field_66,value_66,HAS_VALUE
dataset_67,field_67,HAS_FIELD
field_67,dcfield_67,MAPPED_TO
field_67,value_67,HAS_VALUE
dataset_68,field_68,HAS_FIELD
field_68,dcfield_68,MAPPED_TO
field_68,value_68,HAS_VALUE
dataset_69,field_69,HAS_FIELD
field_69,dcfield_69,MAPPED_TO
field_69,value_69,HAS_VALUE
dataset_70,field_70,HAS_FIELD
field_70,dcfield_70,MAPPED_TO
field_70,value_70,HAS_VALUE
dataset_71,field_71,HAS_FIELD
field_71,dcfield_71,MAPPED_TO
field_71,value_71,HAS_VALUE
dataset_72,field_72,HAS_FIELD
field_72,dcfield_72,MAPPED_TO
field_72,value_72,HAS_VALUE
dataset_73,field_73,HAS_FIELD
field_73,dcfield_73,MAPPED_TO
field_73,value_73,HAS_VALUE
dataset_74,field_74,HAS_FIELD
field_74,dcfield_74,MAPPED_TO
field_74,value_74,HAS_VALUE
dataset_75,field_75,HAS_FIELD
field_75,dcfield_75,MAPPED_TO
field_75,value_75,HAS_VALUE
dataset_76,field_76,HAS_FIELD
field_76,dcfield_76,MAPPED_TO
field_76,value_76,HAS_VALUE
dataset_77,field_77,HAS_FIELD
field_77,dcfield_77,MAPPED_TO
field_77,value_77,HAS_VALUE
dataset_78,field_78,HAS_FIELD
field_78,dcfield_78,MAPPED_TO
field_78,value_78,HAS_VALUE
dataset_79,field_79,HAS_FIELD
field_79,dcfield_79,MAPPED_TO
field_79,value_79,HAS_VALUE
dataset_80,field_80,HAS_FIELD
field_80,dcfield_80,MAPPED_TO
field_80,value_80,HAS_VALUE
dataset_81,field_81,HAS_FIELD
field_81,dcfield_81,MAPPED_TO
field_81,value_81,HAS_VALUE
dataset_82,field_82,HAS_FIELD
field_82,dcfield_82,MAPPED_TO
field_82,value_82,HAS_VALUE
dataset_83,field_83,HAS_FIELD
field_83,dcfield_83,MAPPED_TO
field_83,value_83,HAS_VALUE
dataset_84,field_84,HAS_FIELD
field_84,dcfield_84,MAPPED_TO
field_84,value_84,HAS_VALUE
dataset_85,field_85,HAS_FIELD
field_85,dcfield_85,MAPPED_TO
field_85,value_85,HAS_VALUE
dataset_86,field_86,HAS_FIELD
field_86,dcfield_86,MAPPED_TO
field_86,value_86,HAS_VALUE
dataset_87,field_87,HAS_FIELD
field_87,dcfield_87,MAPPED_TO
field_87,value_87,HAS_VALUE
dataset_88,field_88,HAS_FIELD
field_88,dcfield_88,MAPPED_TO
field_88,value_88,HAS_VALUE
dataset_89,field_89,HAS_FIELD
field_89,dcfield_89,MAPPED_TO
field_89,value_89,HAS_VALUE
dataset_90,field_90,HAS_FIELD
field_90,dcfield_90,MAPPED_TO
field_90,value_90,HAS_VALUE
dataset_91,field_91,HAS_FIELD
field_91,dcfield_91,MAPPED_TO
field_91,value_91,HAS_VALUE
dataset_92,field_92,HAS_FIELD
field_92,dcfield_92,MAPPED_TO
field_92,value_92,HAS_VALUE
dataset_93,field_93,HAS_FIELD
field_93,dcfield_93,MAPPED_TO
field_93,value_93,HAS_VALUE
dataset_94,field_94,HAS_FIELD
field_94,dcfield_94,MAPPED_TO
field_94,value_94,HAS_VALUE
dataset_95,field_95,HAS_FIELD
field_95,dcfield_95,MAPPED_TO
field_95,value_95,HAS_VALUE
dataset_96,field_96,HAS_FIELD
field_96,dcfield_96,MAPPED_TO
field_96,value_96,HAS_VALUE
dataset_97,field_97,HAS_FIELD
field_97,dcfield_97,MAPPED_TO
field_97,value_97,HAS_VALUE
dataset_98,field_98,HAS_FIELD
field_98,dcfield_98,MAPPED_TO
field_98,value_98,HAS_VALUE
dataset_99,field_99,HAS_FIELD
field_99,dcfield_99,MAPPED_TO
field_99,value_99,HAS_VALUE
dataset_100,field_100,HAS_FIELD
field_100,dcfield_100,MAPPED_TO
field_100,value_100,HAS_VALUE
dataset_101,field_101,HAS_FIELD
field_101,dcfield_101,MAPPED_TO
field_101,value_101,HAS_VALUE
dataset_102,field_102,HAS_FIELD
field_102,dcfield_102,MAPPED_TO
field_102,value_102,HAS_VALUE
dataset_103,field_103,HAS_FIELD
field_103,dcfield_103,MAPPED_TO
field_103,value_103,HAS_VALUE
dataset_104,field_104,HAS_FIELD
field_104,dcfield_104,MAPPED_TO
field_104,value_104,HAS_VALUE
dataset_105,field_105,HAS_FIELD
field_105,dcfield_105,MAPPED_TO
field_105,value_105,HAS_VALUE
dataset_106,field_106,HAS_FIELD
field_106,dcfield_106,MAPPED_TO
field_106,value_106,HAS_VALUE
dataset_107,field_107,HAS_FIELD
field_107,dcfield_107,MAPPED_TO
field_107,value_107,HAS_VALUE
dataset_108,field_108,HAS_FIELD
field_108,dcfield_108,MAPPED_TO
field_108,value_108,HAS_VALUE
dataset_109,field_109,HAS_FIELD
field_109,dcfield_109,MAPPED_TO
field_109,value_109,HAS_VALUE
dataset_110,field_110,HAS_FIELD
field_110,dcfield_110,MAPPED_TO
field_110,value_110,HAS_VALUE
dataset_111,field_111,HAS_FIELD
field_111,dcfield_111,MAPPED_TO
field_111,value_111,HAS_VALUE
dataset_112,field_112,HAS_FIELD
field_112,dcfield_112,MAPPED_TO
field_112,value_112,HAS_VALUE
dataset_113,field_113,HAS_FIELD
field_113,dcfield_113,MAPPED_TO
field_113,value_113,HAS_VALUE
dataset_114,field_114,HAS_FIELD
field_114,dcfield_114,MAPPED_TO
field_114,value_114,HAS_VALUE
dataset_115,field_115,HAS_FIELD
field_115,dcfield_115,MAPPED_TO
field_115,value_115,HAS_VALUE
dataset_116,field_116,HAS_FIELD
field_116,dcfield_116,MAPPED_TO
field_116,value_116,HAS_VALUE
dataset_117,field_117,HAS_FIELD
field_117,dcfield_117,MAPPED_TO
field_117,value_117,HAS_VALUE
dataset_118,field_118,HAS_FIELD
field_118,dcfield_118,MAPPED_TO
field_118,value_118,HAS_VALUE
dataset_119,field_119,HAS_FIELD
field_119,dcfield_119,MAPPED_TO
field_119,value_119,HAS_VALUE
dataset_120,field_120,HAS_FIELD
field_120,dcfield_120,MAPPED_TO
field_120,value_120,HAS_VALUE
dataset_121,field_121,HAS_FIELD
field_121,dcfield_121,MAPPED_TO
field_121,value_121,HAS_VALUE
dataset_122,field_122,HAS_FIELD
field_122,dcfield_122,MAPPED_TO
field_122,value_122,HAS_VALUE
dataset_123,field_123,HAS_FIELD
field_123,dcfield_123,MAPPED_TO
field_123,value_123,HAS_VALUE
dataset_124,field_124,HAS_FIELD
field_124,dcfield_124,MAPPED_TO
field_124,value_124,HAS_VALUE
dataset_125,field_125,HAS_FIELD
field_125,dcfield_125,MAPPED_TO
field_125,value_125,HAS_VALUE
dataset_126,field_126,HAS_FIELD
field_126,dcfield_126,MAPPED_TO
field_126,value_126,HAS_VALUE
dataset_127,field_127,HAS_FIELD
field_127,dcfield_127,MAPPED_TO
field_127,value_127,HAS_VALUE
dataset_128,field_128,HAS_FIELD
field_128,dcfield_128,MAPPED_TO
field_128,value_128,HAS_VALUE
dataset_129,field_129,HAS_FIELD
field_129,dcfield_129,MAPPED_TO
field_129,value_129,HAS_VALUE
dataset_130,field_130,HAS_FIELD
field_130,dcfield_130,MAPPED_TO
field_130,value_130,HAS_VALUE
dataset_131,field_131,HAS_FIELD
field_131,dcfield_131,MAPPED_TO
field_131,value_131,HAS_VALUE
dataset_132,field_132,HAS_FIELD
field_132,dcfield_132,MAPPED_TO
field_132,value_132,HAS_VALUE
dataset_133,field_133,HAS_FIELD
field_133,dcfield_133,MAPPED_TO
field_133,value_133,HAS_VALUE
dataset_134,field_134,HAS_FIELD
field_134,dcfield_134,MAPPED_TO
field_134,value_134,HAS_VALUE
dataset_135,field_135,HAS_FIELD
field_135,dcfield_135,MAPPED_TO
field_135,value_135,HAS_VALUE
dataset_136,field_136,HAS_FIELD
field_136,dcfield_136,MAPPED_TO
field_136,value_136,HAS_VALUE
dataset_137,field_137,HAS_FIELD
field_137,dcfield_137,MAPPED_TO
field_137,value_137,HAS_VALUE
dataset_138,field_138,HAS_FIELD
field_138,dcfield_138,MAPPED_TO
field_138,value_138,HAS_VALUE
dataset_139,field_139,HAS_FIELD
field_139,dcfield_139,MAPPED_TO
field_139,value_139,HAS_VALUE
dataset_140,field_140,HAS_FIELD
field_140,dcfield_140,MAPPED_TO
field_140,value_140,HAS_VALUE
dataset_141,field_141,HAS_FIELD
field_141,dcfield_141,MAPPED_TO
field_141,value_141,HAS_VALUE
dataset_142,field_142,HAS_FIELD
field_142,dcfield_142,MAPPED_TO
field_142,value_142,HAS_VALUE
dataset_143,field_143,HAS_FIELD
field_143,dcfield_143,MAPPED_TO
field_143,value_143,HAS_VALUE
dataset_144,field_144,HAS_FIELD
field_144,dcfield_144,MAPPED_TO
field_144,value_144,HAS_VALUE
dataset_145,field_145,HAS_FIELD
field_145,dcfield_145,MAPPED_TO
field_145,value_145,HAS_VALUE
dataset_146,field_146,HAS_FIELD
field_146,dcfield_146,MAPPED_TO
field_146,value_146,HAS_VALUE
dataset_147,field_147,HAS_FIELD
field_147,dcfield_147,MAPPED_TO
field_147,value_147,HAS_VALUE
dataset_148,field_148,HAS_FIELD
field_148,dcfield_148,MAPPED_TO
field_148,value_148,HAS_VALUE
dataset_149,field_149,HAS_FIELD
field_149,dcfield_149,MAPPED_TO
field_149,value_149,HAS_VALUE
dataset_150,field_150,HAS_FIELD
field_150,dcfield_150,MAPPED_TO
field_150,value_150,HAS_VALUE
dataset_151,field_151,HAS_FIELD
field_151,dcfield_151,MAPPED_TO
field_151,value_151,HAS_VALUE
dataset_152,field_152,HAS_FIELD
field_152,dcfield_152,MAPPED_TO
field_152,value_152,HAS_VALUE
dataset_153,field_153,HAS_FIELD
field_153,dcfield_153,MAPPED_TO
field_153,value_153,HAS_VALUE
dataset_154,field_154,HAS_FIELD
field_154,dcfield_154,MAPPED_TO
field_154,value_154,HAS_VALUE
dataset_155,field_155,HAS_FIELD
field_155,dcfield_155,MAPPED_TO
field_155,value_155,HAS_VALUE
dataset_156,field_156,HAS_FIELD
field_156,dcfield_156,MAPPED_TO
field_156,value_156,HAS_VALUE
dataset_157,field_157,HAS_FIELD
field_157,dcfield_157,MAPPED_TO
field_157,value_157,HAS_VALUE
dataset_158,field_158,HAS_FIELD
field_158,dcfield_158,MAPPED_TO
field_158,value_158,HAS_VALUE
dataset_159,field_159,HAS_FIELD
field_159,dcfield_159,MAPPED_TO
field_159,value_159,HAS_VALUE
dataset_160,field_160,HAS_FIELD
field_160,dcfield_160,MAPPED_TO
field_160,value_160,HAS_VALUE
dataset_161,field_161,HAS_FIELD
field_161,dcfield_161,MAPPED_TO
field_161,value_161,HAS_VALUE
dataset_162,field_162,HAS_FIELD
field_162,dcfield_162,MAPPED_TO
field_162,value_162,HAS_VALUE
dataset_163,field_163,HAS_FIELD
field_163,dcfield_163,MAPPED_TO
field_163,value_163,HAS_VALUE
dataset_164,field_164,HAS_FIELD
field_164,dcfield_164,MAPPED_TO
field_164,value_164,HAS_VALUE
dataset_165,field_165,HAS_FIELD
field_165,dcfield_165,MAPPED_TO
field_165,value_165,HAS_VALUE
dataset_166,field_166,HAS_FIELD
field_166,dcfield_166,MAPPED_TO
field_166,value_166,HAS_VALUE
dataset_167,field_167,HAS_FIELD
field_167,dcfield_167,MAPPED_TO
field_167,value_167,HAS_VALUE
dataset_168,field_168,HAS_FIELD
field_168,dcfield_168,MAPPED_TO
field_168,value_168,HAS_VALUE
dataset_169,field_169,HAS_FIELD
field_169,dcfield_169,MAPPED_TO
field_169,value_169,HAS_VALUE
dataset_170,field_170,HAS_FIELD
field_170,dcfield_170,MAPPED_TO
field_170,value_170,HAS_VALUE
dataset_171,field_171,HAS_FIELD
field_171,dcfield_171,MAPPED_TO
field_171,value_171,HAS_VALUE
dataset_172,field_172,HAS_FIELD
field_172,dcfield_172,MAPPED_TO
field_172,value_172,HAS_VALUE
dataset_173,field_173,HAS_FIELD
field_173,dcfield_173,MAPPED_TO
field_173,value_173,HAS_VALUE
dataset_174,field_174,HAS_FIELD
field_174,dcfield_174,MAPPED_TO
field_174,value_174,HAS_VALUE
dataset_175,field_175,HAS_FIELD
field_175,dcfield_175,MAPPED_TO
field_175,value_175,HAS_VALUE
dataset_176,field_176,HAS_FIELD
field_176,dcfield_176,MAPPED_TO
field_176,value_176,HAS_VALUE
dataset_177,field_177,HAS_FIELD
field_177,dcfield_177,MAPPED_TO
field_177,value_177,HAS_VALUE
dataset_178,field_178,HAS_FIELD
field_178,dcfield_178,MAPPED_TO
field_178,value_178,HAS_VALUE
dataset_179,field_179,HAS_FIELD
field_179,dcfield_179,MAPPED_TO
field_179,value_179,HAS_VALUE
dataset_180,field_180,HAS_FIELD
field_180,dcfield_180,MAPPED_TO
field_180,value_180,HAS_VALUE
dataset_181,field_181,HAS_FIELD
field_181,dcfield_181,MAPPED_TO
field_181,value_181,HAS_VALUE
dataset_182,field_182,HAS_FIELD
field_182,dcfield_182,MAPPED_TO
field_182,value_182,HAS_VALUE
dataset_183,field_183,HAS_FIELD
field_183,dcfield_183,MAPPED_TO
field_183,value_183,HAS_VALUE
dataset_184,field_184,HAS_FIELD
field_184,dcfield_184,MAPPED_TO
field_184,value_184,HAS_VALUE
dataset_185,field_185,HAS_FIELD
field_185,dcfield_185,MAPPED_TO
field_185,value_185,HAS_VALUE
dataset_186,field_186,HAS_FIELD
field_186,dcfield_186,MAPPED_TO
field_186,value_186,HAS_VALUE
dataset_187,field_187,HAS_FIELD
field_187,dcfield_187,MAPPED_TO
field_187,value_187,HAS_VALUE
dataset_188,field_188,HAS_FIELD
field_188,dcfield_188,MAPPED_TO
field_188,value_188,HAS_VALUE
dataset_189,field_189,HAS_FIELD
field_189,dcfield_189,MAPPED_TO
field_189,value_189,HAS_VALUE
dataset_190,field_190,HAS_FIELD
field_190,dcfield_190,MAPPED_TO
field_190,value_190,HAS_VALUE
dataset_191,field_191,HAS_FIELD
field_191,dcfield_191,MAPPED_TO
field_191,value_191,HAS_VALUE
dataset_192,field_192,HAS_FIELD
field_192,dcfield_192,MAPPED_TO
field_192,value_192,HAS_VALUE
dataset_193,field_193,HAS_FIELD
field_193,dcfield_193,MAPPED_TO
field_193,value_193,HAS_VALUE
dataset_194,field_194,HAS_FIELD
field_194,dcfield_194,MAPPED_TO
field_194,value_194,HAS_VALUE
dataset_195,field_195,HAS_FIELD
field_195,dcfield_195,MAPPED_TO
field_195,value_195,HAS_VALUE
dataset_196,field_196,HAS_FIELD
field_196,dcfield_196,MAPPED_TO
field_196,value_196,HAS_VALUE
dataset_197,field_197,HAS_FIELD
field_197,dcfield_197,MAPPED_TO
field_197,value_197,HAS_VALUE
dataset_198,field_198,HAS_FIELD
field_198,dcfield_198,MAPPED_TO
field_198,value_198,HAS_VALUE
dataset_199,field_199,HAS_FIELD
field_199,dcfield_199,MAPPED_TO
field_199,value_199,HAS_VALUE
dataset_200,field_200,HAS_FIELD
field_200,dcfield_200,MAPPED_TO
field_200,value_200,HAS_VALUE
dataset_201,field_201,HAS_FIELD
field_201,dcfield_201,MAPPED_TO
field_201,value_201,HAS_VALUE
dataset_202,field_202,HAS_FIELD
field_202,dcfield_202,MAPPED_TO
field_202,value_202,HAS_VALUE
dataset_203,field_203,HAS_FIELD
field_203,dcfield_203,MAPPED_TO
field_203,value_203,HAS_VALUE
dataset_204,field_204,HAS_FIELD
field_204,dcfield_204,MAPPED_TO
field_204,value_204,HAS_VALUE
dataset_205,field_205,HAS_FIELD
field_205,dcfield_205,MAPPED_TO
field_205,value_205,HAS_VALUE
dataset_206,field_206,HAS_FIELD
field_206,dcfield_206,MAPPED_TO
field_206,value_206,HAS_VALUE
dataset_207,field_207,HAS_FIELD
field_207,dcfield_207,MAPPED_TO
field_207,value_207,HAS_VALUE
dataset_208,field_208,HAS_FIELD
field_208,dcfield_208,MAPPED_TO
field_208,value_208,HAS_VALUE
dataset_209,field_209,HAS_FIELD
field_209,dcfield_209,MAPPED_TO
field_209,value_209,HAS_VALUE
dataset_210,field_210,HAS_FIELD
field_210,dcfield_210,MAPPED_TO
field_210,value_210,HAS_VALUE
value_211,concept_211_0,NORMALIZED_TO
dataset_211,field_211,HAS_FIELD
field_211,dcfield_211,MAPPED_TO
field_211,value_211,HAS_VALUE
dataset_212,field_212,HAS_FIELD
field_212,dcfield_212,MAPPED_TO
field_212,value_212,HAS_VALUE
value_213,concept_213_0,NORMALIZED_TO
dataset_213,field_213,HAS_FIELD
field_213,dcfield_213,MAPPED_TO
field_213,value_213,HAS_VALUE
value_214,concept_214_0,NORMALIZED_TO
dataset_214,field_214,HAS_FIELD
field_214,dcfield_214,MAPPED_TO
field_214,value_214,HAS_VALUE
dataset_215,field_215,HAS_FIELD
field_215,dcfield_215,MAPPED_TO
field_215,value_215,HAS_VALUE
dataset_216,field_216,HAS_FIELD
field_216,dcfield_216,MAPPED_TO
field_216,value_216,HAS_VALUE
dataset_217,field_217,HAS_FIELD
field_217,dcfield_217,MAPPED_TO
field_217,value_217,HAS_VALUE
dataset_218,field_218,HAS_FIELD
field_218,dcfield_218,MAPPED_TO
field_218,value_218,HAS_VALUE
dataset_219,field_219,HAS_FIELD
field_219,dcfield_219,MAPPED_TO
field_219,value_219,HAS_VALUE
dataset_220,field_220,HAS_FIELD
field_220,dcfield_220,MAPPED_TO
field_220,value_220,HAS_VALUE
dataset_221,field_221,HAS_FIELD
field_221,dcfield_221,MAPPED_TO
field_221,value_221,HAS_VALUE
dataset_222,field_222,HAS_FIELD
field_222,dcfield_222,MAPPED_TO
field_222,value_222,HAS_VALUE
dataset_223,field_223,HAS_FIELD
field_223,dcfield_223,MAPPED_TO
field_223,value_223,HAS_VALUE
dataset_224,field_224,HAS_FIELD
field_224,dcfield_224,MAPPED_TO
field_224,value_224,HAS_VALUE
dataset_225,field_225,HAS_FIELD
field_225,dcfield_225,MAPPED_TO
field_225,value_225,HAS_VALUE
dataset_226,field_226,HAS_FIELD
field_226,dcfield_226,MAPPED_TO
field_226,value_226,HAS_VALUE
dataset_227,field_227,HAS_FIELD
field_227,dcfield_227,MAPPED_TO
field_227,value_227,HAS_VALUE
dataset_228,field_228,HAS_FIELD
field_228,dcfield_228,MAPPED_TO
field_228,value_228,HAS_VALUE
dataset_229,field_229,HAS_FIELD
field_229,dcfield_229,MAPPED_TO
field_229,value_229,HAS_VALUE
dataset_230,field_230,HAS_FIELD
field_230,dcfield_230,MAPPED_TO
field_230,value_230,HAS_VALUE
dataset_231,field_231,HAS_FIELD
field_231,dcfield_231,MAPPED_TO
field_231,value_231,HAS_VALUE
dataset_232,field_232,HAS_FIELD
field_232,dcfield_232,MAPPED_TO
field_232,value_232,HAS_VALUE
dataset_233,field_233,HAS_FIELD
field_233,dcfield_233,MAPPED_TO
field_233,value_233,HAS_VALUE
dataset_234,field_234,HAS_FIELD
field_234,dcfield_234,MAPPED_TO
field_234,value_234,HAS_VALUE
dataset_235,field_235,HAS_FIELD
field_235,dcfield_235,MAPPED_TO
field_235,value_235,HAS_VALUE
dataset_236,field_236,HAS_FIELD
field_236,dcfield_236,MAPPED_TO
field_236,value_236,HAS_VALUE
dataset_237,field_237,HAS_FIELD
field_237,dcfield_237,MAPPED_TO
field_237,value_237,HAS_VALUE
dataset_238,field_238,HAS_FIELD
field_238,dcfield_238,MAPPED_TO
field_238,value_238,HAS_VALUE
dataset_239,field_239,HAS_FIELD
field_239,dcfield_239,MAPPED_TO
field_239,value_239,HAS_VALUE
dataset_240,field_240,HAS_FIELD
field_240,dcfield_240,MAPPED_TO
field_240,value_240,HAS_VALUE
dataset_241,field_241,HAS_FIELD
field_241,dcfield_241,MAPPED_TO
field_241,value_241,HAS_VALUE
dataset_242,field_242,HAS_FIELD
field_242,dcfield_242,MAPPED_TO
field_242,value_242,HAS_VALUE
dataset_243,field_243,HAS_FIELD
field_243,dcfield_243,MAPPED_TO
field_243,value_243,HAS_VALUE
dataset_244,field_244,HAS_FIELD
field_244,dcfield_244,MAPPED_TO
field_244,value_244,HAS_VALUE
dataset_245,field_245,HAS_FIELD
field_245,dcfield_245,MAPPED_TO
field_245,value_245,HAS_VALUE
dataset_246,field_246,HAS_FIELD
field_246,dcfield_246,MAPPED_TO
field_246,value_246,HAS_VALUE
dataset_247,field_247,HAS_FIELD
field_247,dcfield_247,MAPPED_TO
field_247,value_247,HAS_VALUE
dataset_248,field_248,HAS_FIELD
field_248,dcfield_248,MAPPED_TO
field_248,value_248,HAS_VALUE
dataset_249,field_249,HAS_FIELD
field_249,dcfield_249,MAPPED_TO
field_249,value_249,HAS_VALUE
dataset_250,field_250,HAS_FIELD
field_250,dcfield_250,MAPPED_TO
field_250,value_250,HAS_VALUE
dataset_251,field_251,HAS_FIELD
field_251,dcfield_251,MAPPED_TO
field_251,value_251,HAS_VALUE
dataset_252,field_252,HAS_FIELD
field_252,dcfield_252,MAPPED_TO
field_252,value_252,HAS_VALUE
dataset_253,field_253,HAS_FIELD
field_253,dcfield_253,MAPPED_TO
field_253,value_253,HAS_VALUE
dataset_254,field_254,HAS_FIELD
field_254,dcfield_254,MAPPED_TO
field_254,value_254,HAS_VALUE
dataset_255,field_255,HAS_FIELD
field_255,dcfield_255,MAPPED_TO
field_255,value_255,HAS_VALUE
dataset_256,field_256,HAS_FIELD
field_256,dcfield_256,MAPPED_TO
field_256,value_256,HAS_VALUE
dataset_257,field_257,HAS_FIELD
field_257,dcfield_257,MAPPED_TO
field_257,value_257,HAS_VALUE
dataset_258,field_258,HAS_FIELD
field_258,dcfield_258,MAPPED_TO
field_258,value_258,HAS_VALUE
dataset_259,field_259,HAS_FIELD
field_259,dcfield_259,MAPPED_TO
field_259,value_259,HAS_VALUE
dataset_260,field_260,HAS_FIELD
field_260,dcfield_260,MAPPED_TO
field_260,value_260,HAS_VALUE
dataset_261,field_261,HAS_FIELD
field_261,dcfield_261,MAPPED_TO
field_261,value_261,HAS_VALUE
dataset_262,field_262,HAS_FIELD
field_262,dcfield_262,MAPPED_TO
field_262,value_262,HAS_VALUE
dataset_263,field_263,HAS_FIELD
field_263,dcfield_263,MAPPED_TO
field_263,value_263,HAS_VALUE
dataset_264,field_264,HAS_FIELD
field_264,dcfield_264,MAPPED_TO
field_264,value_264,HAS_VALUE
dataset_265,field_265,HAS_FIELD
field_265,dcfield_265,MAPPED_TO
field_265,value_265,HAS_VALUE
dataset_266,field_266,HAS_FIELD
field_266,dcfield_266,MAPPED_TO
field_266,value_266,HAS_VALUE
dataset_267,field_267,HAS_FIELD
field_267,dcfield_267,MAPPED_TO
field_267,value_267,HAS_VALUE
dataset_268,field_268,HAS_FIELD
field_268,dcfield_268,MAPPED_TO
field_268,value_268,HAS_VALUE
dataset_269,field_269,HAS_FIELD
field_269,dcfield_269,MAPPED_TO
field_269,value_269,HAS_VALUE
dataset_270,field_270,HAS_FIELD
field_270,dcfield_270,MAPPED_TO
field_270,value_270,HAS_VALUE
dataset_271,field_271,HAS_FIELD
field_271,dcfield_271,MAPPED_TO
field_271,value_271,HAS_VALUE
dataset_272,field_272,HAS_FIELD
field_272,dcfield_272,MAPPED_TO
field_272,value_272,HAS_VALUE
dataset_273,field_273,HAS_FIELD
field_273,dcfield_273,MAPPED_TO
field_273,value_273,HAS_VALUE
dataset_274,field_274,HAS_FIELD
field_274,dcfield_274,MAPPED_TO
field_274,value_274,HAS_VALUE
dataset_275,field_275,HAS_FIELD
field_275,dcfield_275,MAPPED_TO
field_275,value_275,HAS_VALUE
dataset_276,field_276,HAS_FIELD
field_276,dcfield_276,MAPPED_TO
field_276,value_276,HAS_VALUE
dataset_277,field_277,HAS_FIELD
field_277,dcfield_277,MAPPED_TO
field_277,value_277,HAS_VALUE
dataset_278,field_278,HAS_FIELD
field_278,dcfield_278,MAPPED_TO
field_278,value_278,HAS_VALUE
dataset_279,field_279,HAS_FIELD
field_279,dcfield_279,MAPPED_TO
field_279,value_279,HAS_VALUE
dataset_280,field_280,HAS_FIELD
field_280,dcfield_280,MAPPED_TO
field_280,value_280,HAS_VALUE
dataset_281,field_281,HAS_FIELD
field_281,dcfield_281,MAPPED_TO
field_281,value_281,HAS_VALUE
dataset_282,field_282,HAS_FIELD
field_282,dcfield_282,MAPPED_TO
field_282,value_282,HAS_VALUE
dataset_283,field_283,HAS_FIELD
field_283,dcfield_283,MAPPED_TO
field_283,value_283,HAS_VALUE
dataset_284,field_284,HAS_FIELD
field_284,dcfield_284,MAPPED_TO
field_284,value_284,HAS_VALUE
dataset_285,field_285,HAS_FIELD
field_285,dcfield_285,MAPPED_TO
field_285,value_285,HAS_VALUE
dataset_286,field_286,HAS_FIELD
field_286,dcfield_286,MAPPED_TO
field_286,value_286,HAS_VALUE
dataset_287,field_287,HAS_FIELD
field_287,dcfield_287,MAPPED_TO
field_287,value_287,HAS_VALUE
dataset_288,field_288,HAS_FIELD
field_288,dcfield_288,MAPPED_TO
field_288,value_288,HAS_VALUE
dataset_289,field_289,HAS_FIELD
field_289,dcfield_289,MAPPED_TO
field_289,value_289,HAS_VALUE
dataset_290,field_290,HAS_FIELD
field_290,dcfield_290,MAPPED_TO
field_290,value_290,HAS_VALUE
dataset_291,field_291,HAS_FIELD
field_291,dcfield_291,MAPPED_TO
field_291,value_291,HAS_VALUE
dataset_292,field_292,HAS_FIELD
field_292,dcfield_292,MAPPED_TO
field_292,value_292,HAS_VALUE
dataset_293,field_293,HAS_FIELD
field_293,dcfield_293,MAPPED_TO
field_293,value_293,HAS_VALUE
dataset_294,field_294,HAS_FIELD
field_294,dcfield_294,MAPPED_TO
field_294,value_294,HAS_VALUE
dataset_295,field_295,HAS_FIELD
field_295,dcfield_295,MAPPED_TO
field_295,value_295,HAS_VALUE
dataset_296,field_296,HAS_FIELD
field_296,dcfield_296,MAPPED_TO
field_296,value_296,HAS_VALUE
dataset_297,field_297,HAS_FIELD
field_297,dcfield_297,MAPPED_TO
field_297,value_297,HAS_VALUE
dataset_298,field_298,HAS_FIELD
field_298,dcfield_298,MAPPED_TO
field_298,value_298,HAS_VALUE
dataset_299,field_299,HAS_FIELD
field_299,dcfield_299,MAPPED_TO
field_299,value_299,HAS_VALUE
dataset_300,field_300,HAS_FIELD
field_300,dcfield_300,MAPPED_TO
field_300,value_300,HAS_VALUE
dataset_301,field_301,HAS_FIELD
field_301,dcfield_301,MAPPED_TO
field_301,value_301,HAS_VALUE
dataset_302,field_302,HAS_FIELD
field_302,dcfield_302,MAPPED_TO
field_302,value_302,HAS_VALUE
dataset_303,field_303,HAS_FIELD
field_303,dcfield_303,MAPPED_TO
field_303,value_303,HAS_VALUE
dataset_304,field_304,HAS_FIELD
field_304,dcfield_304,MAPPED_TO
field_304,value_304,HAS_VALUE
dataset_305,field_305,HAS_FIELD
field_305,dcfield_305,MAPPED_TO
field_305,value_305,HAS_VALUE
dataset_306,field_306,HAS_FIELD
field_306,dcfield_306,MAPPED_TO
field_306,value_306,HAS_VALUE
dataset_307,field_307,HAS_FIELD
field_307,dcfield_307,MAPPED_TO
field_307,value_307,HAS_VALUE
dataset_308,field_308,HAS_FIELD
field_308,dcfield_308,MAPPED_TO
field_308,value_308,HAS_VALUE
dataset_309,field_309,HAS_FIELD
field_309,dcfield_309,MAPPED_TO
field_309,value_309,HAS_VALUE
dataset_310,field_310,HAS_FIELD
field_310,dcfield_310,MAPPED_TO
field_310,value_310,HAS_VALUE
dataset_311,field_311,HAS_FIELD
field_311,dcfield_311,MAPPED_TO
field_311,value_311,HAS_VALUE
dataset_312,field_312,HAS_FIELD
field_312,dcfield_312,MAPPED_TO
field_312,value_312,HAS_VALUE
dataset_313,field_313,HAS_FIELD
field_313,dcfield_313,MAPPED_TO
field_313,value_313,HAS_VALUE
dataset_314,field_314,HAS_FIELD
field_314,dcfield_314,MAPPED_TO
field_314,value_314,HAS_VALUE
dataset_315,field_315,HAS_FIELD
field_315,dcfield_315,MAPPED_TO
field_315,value_315,HAS_VALUE
dataset_316,field_316,HAS_FIELD
field_316,dcfield_316,MAPPED_TO
field_316,value_316,HAS_VALUE
dataset_317,field_317,HAS_FIELD
field_317,dcfield_317,MAPPED_TO
field_317,value_317,HAS_VALUE
dataset_318,field_318,HAS_FIELD
field_318,dcfield_318,MAPPED_TO
field_318,value_318,HAS_VALUE
dataset_319,field_319,HAS_FIELD
field_319,dcfield_319,MAPPED_TO
field_319,value_319,HAS_VALUE
dataset_320,field_320,HAS_FIELD
field_320,dcfield_320,MAPPED_TO
field_320,value_320,HAS_VALUE
dataset_321,field_321,HAS_FIELD
field_321,dcfield_321,MAPPED_TO
field_321,value_321,HAS_VALUE
dataset_322,field_322,HAS_FIELD
field_322,dcfield_322,MAPPED_TO
field_322,value_322,HAS_VALUE
dataset_323,field_323,HAS_FIELD
field_323,dcfield_323,MAPPED_TO
field_323,value_323,HAS_VALUE
dataset_324,field_324,HAS_FIELD
field_324,dcfield_324,MAPPED_TO
field_324,value_324,HAS_VALUE
dataset_325,field_325,HAS_FIELD
field_325,dcfield_325,MAPPED_TO
field_325,value_325,HAS_VALUE
dataset_326,field_326,HAS_FIELD
field_326,dcfield_326,MAPPED_TO
field_326,value_326,HAS_VALUE
dataset_327,field_327,HAS_FIELD
field_327,dcfield_327,MAPPED_TO
field_327,value_327,HAS_VALUE
dataset_328,field_328,HAS_FIELD
field_328,dcfield_328,MAPPED_TO
field_328,value_328,HAS_VALUE
dataset_329,field_329,HAS_FIELD
field_329,dcfield_329,MAPPED_TO
field_329,value_329,HAS_VALUE
dataset_330,field_330,HAS_FIELD
field_330,dcfield_330,MAPPED_TO
field_330,value_330,HAS_VALUE
dataset_331,field_331,HAS_FIELD
field_331,dcfield_331,MAPPED_TO
field_331,value_331,HAS_VALUE
dataset_332,field_332,HAS_FIELD
field_332,dcfield_332,MAPPED_TO
field_332,value_332,HAS_VALUE
dataset_333,field_333,HAS_FIELD
field_333,dcfield_333,MAPPED_TO
field_333,value_333,HAS_VALUE
dataset_334,field_334,HAS_FIELD
field_334,dcfield_334,MAPPED_TO
field_334,value_334,HAS_VALUE
dataset_335,field_335,HAS_FIELD
field_335,dcfield_335,MAPPED_TO
field_335,value_335,HAS_VALUE
dataset_336,field_336,HAS_FIELD
field_336,dcfield_336,MAPPED_TO
field_336,value_336,HAS_VALUE
dataset_337,field_337,HAS_FIELD
field_337,dcfield_337,MAPPED_TO
field_337,value_337,HAS_VALUE
dataset_338,field_338,HAS_FIELD
field_338,dcfield_338,MAPPED_TO
field_338,value_338,HAS_VALUE
dataset_339,field_339,HAS_FIELD
field_339,dcfield_339,MAPPED_TO
field_339,value_339,HAS_VALUE
dataset_340,field_340,HAS_FIELD
field_340,dcfield_340,MAPPED_TO
field_340,value_340,HAS_VALUE
dataset_341,field_341,HAS_FIELD
field_341,dcfield_341,MAPPED_TO
field_341,value_341,HAS_VALUE
dataset_342,field_342,HAS_FIELD
field_342,dcfield_342,MAPPED_TO
field_342,value_342,HAS_VALUE
dataset_343,field_343,HAS_FIELD
field_343,dcfield_343,MAPPED_TO
field_343,value_343,HAS_VALUE
dataset_344,field_344,HAS_FIELD
field_344,dcfield_344,MAPPED_TO
field_344,value_344,HAS_VALUE
dataset_345,field_345,HAS_FIELD
field_345,dcfield_345,MAPPED_TO
field_345,value_345,HAS_VALUE
dataset_346,field_346,HAS_FIELD
field_346,dcfield_346,MAPPED_TO
field_346,value_346,HAS_VALUE
dataset_347,field_347,HAS_FIELD
field_347,dcfield_347,MAPPED_TO
field_347,value_347,HAS_VALUE
dataset_348,field_348,HAS_FIELD
field_348,dcfield_348,MAPPED_TO
field_348,value_348,HAS_VALUE
dataset_349,field_349,HAS_FIELD
field_349,dcfield_349,MAPPED_TO
field_349,value_349,HAS_VALUE
dataset_350,field_350,HAS_FIELD
field_350,dcfield_350,MAPPED_TO
field_350,value_350,HAS_VALUE
dataset_351,field_351,HAS_FIELD
field_351,dcfield_351,MAPPED_TO
field_351,value_351,HAS_VALUE
dataset_352,field_352,HAS_FIELD
field_352,dcfield_352,MAPPED_TO
field_352,value_352,HAS_VALUE
dataset_353,field_353,HAS_FIELD
field_353,dcfield_353,MAPPED_TO
field_353,value_353,HAS_VALUE
dataset_354,field_354,HAS_FIELD
field_354,dcfield_354,MAPPED_TO
field_354,value_354,HAS_VALUE
dataset_355,field_355,HAS_FIELD
field_355,dcfield_355,MAPPED_TO
field_355,value_355,HAS_VALUE
dataset_356,field_356,HAS_FIELD
field_356,dcfield_356,MAPPED_TO
field_356,value_356,HAS_VALUE
dataset_357,field_357,HAS_FIELD
field_357,dcfield_357,MAPPED_TO
field_357,value_357,HAS_VALUE
dataset_358,field_358,HAS_FIELD
field_358,dcfield_358,MAPPED_TO
field_358,value_358,HAS_VALUE
dataset_359,field_359,HAS_FIELD
field_359,dcfield_359,MAPPED_TO
field_359,value_359,HAS_VALUE
dataset_360,field_360,HAS_FIELD
field_360,dcfield_360,MAPPED_TO
field_360,value_360,HAS_VALUE
dataset_361,field_361,HAS_FIELD
field_361,dcfield_361,MAPPED_TO
field_361,value_361,HAS_VALUE
dataset_362,field_362,HAS_FIELD
field_362,dcfield_362,MAPPED_TO
field_362,value_362,HAS_VALUE
dataset_363,field_363,HAS_FIELD
field_363,dcfield_363,MAPPED_TO
field_363,value_363,HAS_VALUE
dataset_364,field_364,HAS_FIELD
field_364,dcfield_364,MAPPED_TO
field_364,value_364,HAS_VALUE
dataset_365,field_365,HAS_FIELD
field_365,dcfield_365,MAPPED_TO
field_365,value_365,HAS_VALUE
dataset_366,field_366,HAS_FIELD
field_366,dcfield_366,MAPPED_TO
field_366,value_366,HAS_VALUE
dataset_367,field_367,HAS_FIELD
field_367,dcfield_367,MAPPED_TO
field_367,value_367,HAS_VALUE
dataset_368,field_368,HAS_FIELD
field_368,dcfield_368,MAPPED_TO
field_368,value_368,HAS_VALUE
dataset_369,field_369,HAS_FIELD
field_369,dcfield_369,MAPPED_TO
field_369,value_369,HAS_VALUE
dataset_370,field_370,HAS_FIELD
field_370,dcfield_370,MAPPED_TO
field_370,value_370,HAS_VALUE
dataset_371,field_371,HAS_FIELD
field_371,dcfield_371,MAPPED_TO
field_371,value_371,HAS_VALUE
dataset_372,field_372,HAS_FIELD
field_372,dcfield_372,MAPPED_TO
field_372,value_372,HAS_VALUE
dataset_373,field_373,HAS_FIELD
field_373,dcfield_373,MAPPED_TO
field_373,value_373,HAS_VALUE
dataset_374,field_374,HAS_FIELD
field_374,dcfield_374,MAPPED_TO
field_374,value_374,HAS_VALUE
dataset_375,field_375,HAS_FIELD
field_375,dcfield_375,MAPPED_TO
field_375,value_375,HAS_VALUE
dataset_376,field_376,HAS_FIELD
field_376,dcfield_376,MAPPED_TO
field_376,value_376,HAS_VALUE
dataset_377,field_377,HAS_FIELD
field_377,dcfield_377,MAPPED_TO
field_377,value_377,HAS_VALUE
dataset_378,field_378,HAS_FIELD
field_378,dcfield_378,MAPPED_TO
field_378,value_378,HAS_VALUE
dataset_379,field_379,HAS_FIELD
field_379,dcfield_379,MAPPED_TO
field_379,value_379,HAS_VALUE
dataset_380,field_380,HAS_FIELD
field_380,dcfield_380,MAPPED_TO
field_380,value_380,HAS_VALUE
dataset_381,field_381,HAS_FIELD
field_381,dcfield_381,MAPPED_TO
field_381,value_381,HAS_VALUE
dataset_382,field_382,HAS_FIELD
field_382,dcfield_382,MAPPED_TO
field_382,value_382,HAS_VALUE
dataset_383,field_383,HAS_FIELD
field_383,dcfield_383,MAPPED_TO
field_383,value_383,HAS_VALUE
dataset_384,field_384,HAS_FIELD
field_384,dcfield_384,MAPPED_TO
field_384,value_384,HAS_VALUE
dataset_385,field_385,HAS_FIELD
field_385,dcfield_385,MAPPED_TO
field_385,value_385,HAS_VALUE
dataset_386,field_386,HAS_FIELD
field_386,dcfield_386,MAPPED_TO
field_386,value_386,HAS_VALUE
dataset_387,field_387,HAS_FIELD
field_387,dcfield_387,MAPPED_TO
field_387,value_387,HAS_VALUE
dataset_388,field_388,HAS_FIELD
field_388,dcfield_388,MAPPED_TO
field_388,value_388,HAS_VALUE
dataset_389,field_389,HAS_FIELD
field_389,dcfield_389,MAPPED_TO
field_389,value_389,HAS_VALUE
dataset_390,field_390,HAS_FIELD
field_390,dcfield_390,MAPPED_TO
field_390,value_390,HAS_VALUE
dataset_391,field_391,HAS_FIELD
field_391,dcfield_391,MAPPED_TO
field_391,value_391,HAS_VALUE
dataset_392,field_392,HAS_FIELD
field_392,dcfield_392,MAPPED_TO
field_392,value_392,HAS_VALUE
dataset_393,field_393,HAS_FIELD
field_393,dcfield_393,MAPPED_TO
field_393,value_393,HAS_VALUE
dataset_394,field_394,HAS_FIELD
field_394,dcfield_394,MAPPED_TO
field_394,value_394,HAS_VALUE
dataset_395,field_395,HAS_FIELD
field_395,dcfield_395,MAPPED_TO
field_395,value_395,HAS_VALUE
value_396,concept_396_0,NORMALIZED_TO
dataset_396,field_396,HAS_FIELD
field_396,dcfield_396,MAPPED_TO
field_396,value_396,HAS_VALUE
dataset_397,field_397,HAS_FIELD
field_397,dcfield_397,MAPPED_TO
field_397,value_397,HAS_VALUE
value_398,concept_398_0,NORMALIZED_TO
dataset_398,field_398,HAS_FIELD
field_398,dcfield_398,MAPPED_TO
field_398,value_398,HAS_VALUE
dataset_399,field_399,HAS_FIELD
field_399,dcfield_399,MAPPED_TO
field_399,value_399,HAS_VALUE
value_400,concept_400_0,NORMALIZED_TO
dataset_400,field_400,HAS_FIELD
field_400,dcfield_400,MAPPED_TO
field_400,value_400,HAS_VALUE
dataset_401,field_401,HAS_FIELD
field_401,dcfield_401,MAPPED_TO
field_401,value_401,HAS_VALUE
dataset_402,field_402,HAS_FIELD
field_402,dcfield_402,MAPPED_TO
field_402,value_402,HAS_VALUE
dataset_403,field_403,HAS_FIELD
field_403,dcfield_403,MAPPED_TO
field_403,value_403,HAS_VALUE
dataset_404,field_404,HAS_FIELD
field_404,dcfield_404,MAPPED_TO
field_404,value_404,HAS_VALUE
dataset_405,field_405,HAS_FIELD
field_405,dcfield_405,MAPPED_TO
field_405,value_405,HAS_VALUE
dataset_406,field_406,HAS_FIELD
field_406,dcfield_406,MAPPED_TO
field_406,value_406,HAS_VALUE
value_407,concept_407_0,NORMALIZED_TO
dataset_407,field_407,HAS_FIELD
field_407,dcfield_407,MAPPED_TO
field_407,value_407,HAS_VALUE
dataset_408,field_408,HAS_FIELD
field_408,dcfield_408,MAPPED_TO
field_408,value_408,HAS_VALUE
dataset_409,field_409,HAS_FIELD
field_409,dcfield_409,MAPPED_TO
field_409,value_409,HAS_VALUE
dataset_410,field_410,HAS_FIELD
field_410,dcfield_410,MAPPED_TO
field_410,value_410,HAS_VALUE
dataset_411,field_411,HAS_FIELD
field_411,dcfield_411,MAPPED_TO
field_411,value_411,HAS_VALUE
dataset_412,field_412,HAS_FIELD
field_412,dcfield_412,MAPPED_TO
field_412,value_412,HAS_VALUE
dataset_413,field_413,HAS_FIELD
field_413,dcfield_413,MAPPED_TO
field_413,value_413,HAS_VALUE
dataset_414,field_414,HAS_FIELD
field_414,dcfield_414,MAPPED_TO
field_414,value_414,HAS_VALUE
dataset_415,field_415,HAS_FIELD
field_415,dcfield_415,MAPPED_TO
field_415,value_415,HAS_VALUE
dataset_416,field_416,HAS_FIELD
field_416,dcfield_416,MAPPED_TO
field_416,value_416,HAS_VALUE
dataset_417,field_417,HAS_FIELD
field_417,dcfield_417,MAPPED_TO
field_417,value_417,HAS_VALUE
dataset_418,field_418,HAS_FIELD
field_418,dcfield_418,MAPPED_TO
field_418,value_418,HAS_VALUE
dataset_419,field_419,HAS_FIELD
field_419,dcfield_419,MAPPED_TO
field_419,value_419,HAS_VALUE
dataset_420,field_420,HAS_FIELD
field_420,dcfield_420,MAPPED_TO
field_420,value_420,HAS_VALUE
dataset_421,field_421,HAS_FIELD
field_421,dcfield_421,MAPPED_TO
field_421,value_421,HAS_VALUE
dataset_422,field_422,HAS_FIELD
field_422,dcfield_422,MAPPED_TO
field_422,value_422,HAS_VALUE
dataset_423,field_423,HAS_FIELD
field_423,dcfield_423,MAPPED_TO
field_423,value_423,HAS_VALUE
dataset_424,field_424,HAS_FIELD
field_424,dcfield_424,MAPPED_TO
field_424,value_424,HAS_VALUE
dataset_425,field_425,HAS_FIELD
field_425,dcfield_425,MAPPED_TO
field_425,value_425,HAS_VALUE
dataset_426,field_426,HAS_FIELD
field_426,dcfield_426,MAPPED_TO
field_426,value_426,HAS_VALUE
dataset_427,field_427,HAS_FIELD
field_427,dcfield_427,MAPPED_TO
field_427,value_427,HAS_VALUE
dataset_428,field_428,HAS_FIELD
field_428,dcfield_428,MAPPED_TO
field_428,value_428,HAS_VALUE
dataset_429,field_429,HAS_FIELD
field_429,dcfield_429,MAPPED_TO
field_429,value_429,HAS_VALUE
dataset_430,field_430,HAS_FIELD
field_430,dcfield_430,MAPPED_TO
field_430,value_430,HAS_VALUE
dataset_431,field_431,HAS_FIELD
field_431,dcfield_431,MAPPED_TO
field_431,value_431,HAS_VALUE
dataset_432,field_432,HAS_FIELD
field_432,dcfield_432,MAPPED_TO
field_432,value_432,HAS_VALUE
dataset_433,field_433,HAS_FIELD
field_433,dcfield_433,MAPPED_TO
field_433,value_433,HAS_VALUE
dataset_434,field_434,HAS_FIELD
field_434,dcfield_434,MAPPED_TO
field_434,value_434,HAS_VALUE
dataset_435,field_435,HAS_FIELD
field_435,dcfield_435,MAPPED_TO
field_435,value_435,HAS_VALUE
dataset_436,field_436,HAS_FIELD
field_436,dcfield_436,MAPPED_TO
field_436,value_436,HAS_VALUE
dataset_437,field_437,HAS_FIELD
field_437,dcfield_437,MAPPED_TO
field_437,value_437,HAS_VALUE
dataset_438,field_438,HAS_FIELD
field_438,dcfield_438,MAPPED_TO
field_438,value_438,HAS_VALUE
dataset_439,field_439,HAS_FIELD
field_439,dcfield_439,MAPPED_TO
field_439,value_439,HAS_VALUE
dataset_440,field_440,HAS_FIELD
field_440,dcfield_440,MAPPED_TO
field_440,value_440,HAS_VALUE
dataset_441,field_441,HAS_FIELD
field_441,dcfield_441,MAPPED_TO
field_441,value_441,HAS_VALUE
dataset_442,field_442,HAS_FIELD
field_442,dcfield_442,MAPPED_TO
field_442,value_442,HAS_VALUE
dataset_443,field_443,HAS_FIELD
field_443,dcfield_443,MAPPED_TO
field_443,value_443,HAS_VALUE
dataset_444,field_444,HAS_FIELD
field_444,dcfield_444,MAPPED_TO
field_444,value_444,HAS_VALUE
dataset_445,field_445,HAS_FIELD
field_445,dcfield_445,MAPPED_TO
field_445,value_445,HAS_VALUE
dataset_446,field_446,HAS_FIELD
field_446,dcfield_446,MAPPED_TO
field_446,value_446,HAS_VALUE
dataset_447,field_447,HAS_FIELD
field_447,dcfield_447,MAPPED_TO
field_447,value_447,HAS_VALUE
dataset_448,field_448,HAS_FIELD
field_448,dcfield_448,MAPPED_TO
field_448,value_448,HAS_VALUE
dataset_449,field_449,HAS_FIELD
field_449,dcfield_449,MAPPED_TO
field_449,value_449,HAS_VALUE
dataset_450,field_450,HAS_FIELD
field_450,dcfield_450,MAPPED_TO
field_450,value_450,HAS_VALUE
dataset_451,field_451,HAS_FIELD
field_451,dcfield_451,MAPPED_TO
field_451,value_451,HAS_VALUE
dataset_452,field_452,HAS_FIELD
field_452,dcfield_452,MAPPED_TO
field_452,value_452,HAS_VALUE
dataset_453,field_453,HAS_FIELD
field_453,dcfield_453,MAPPED_TO
field_453,value_453,HAS_VALUE
dataset_454,field_454,HAS_FIELD
field_454,dcfield_454,MAPPED_TO
field_454,value_454,HAS_VALUE
dataset_455,field_455,HAS_FIELD
field_455,dcfield_455,MAPPED_TO
field_455,value_455,HAS_VALUE
dataset_456,field_456,HAS_FIELD
field_456,dcfield_456,MAPPED_TO
field_456,value_456,HAS_VALUE
dataset_457,field_457,HAS_FIELD
field_457,dcfield_457,MAPPED_TO
field_457,value_457,HAS_VALUE
dataset_458,field_458,HAS_FIELD
field_458,dcfield_458,MAPPED_TO
field_458,value_458,HAS_VALUE
dataset_459,field_459,HAS_FIELD
field_459,dcfield_459,MAPPED_TO
field_459,value_459,HAS_VALUE
dataset_460,field_460,HAS_FIELD
field_460,dcfield_460,MAPPED_TO
field_460,value_460,HAS_VALUE
dataset_461,field_461,HAS_FIELD
field_461,dcfield_461,MAPPED_TO
field_461,value_461,HAS_VALUE
dataset_462,field_462,HAS_FIELD
field_462,dcfield_462,MAPPED_TO
field_462,value_462,HAS_VALUE
dataset_463,field_463,HAS_FIELD
field_463,dcfield_463,MAPPED_TO
field_463,value_463,HAS_VALUE
dataset_464,field_464,HAS_FIELD
field_464,dcfield_464,MAPPED_TO
field_464,value_464,HAS_VALUE
dataset_465,field_465,HAS_FIELD
field_465,dcfield_465,MAPPED_TO
field_465,value_465,HAS_VALUE
dataset_466,field_466,HAS_FIELD
field_466,dcfield_466,MAPPED_TO
field_466,value_466,HAS_VALUE
dataset_467,field_467,HAS_FIELD
field_467,dcfield_467,MAPPED_TO
field_467,value_467,HAS_VALUE
dataset_468,field_468,HAS_FIELD
field_468,dcfield_468,MAPPED_TO
field_468,value_468,HAS_VALUE
dataset_469,field_469,HAS_FIELD
field_469,dcfield_469,MAPPED_TO
field_469,value_469,HAS_VALUE
dataset_470,field_470,HAS_FIELD
field_470,dcfield_470,MAPPED_TO
field_470,value_470,HAS_VALUE
dataset_471,field_471,HAS_FIELD
field_471,dcfield_471,MAPPED_TO
field_471,value_471,HAS_VALUE
dataset_472,field_472,HAS_FIELD
field_472,dcfield_472,MAPPED_TO
field_472,value_472,HAS_VALUE
dataset_473,field_473,HAS_FIELD
field_473,dcfield_473,MAPPED_TO
field_473,value_473,HAS_VALUE
dataset_474,field_474,HAS_FIELD
field_474,dcfield_474,MAPPED_TO
field_474,value_474,HAS_VALUE
dataset_475,field_475,HAS_FIELD
field_475,dcfield_475,MAPPED_TO
field_475,value_475,HAS_VALUE
dataset_476,field_476,HAS_FIELD
field_476,dcfield_476,MAPPED_TO
field_476,value_476,HAS_VALUE
dataset_477,field_477,HAS_FIELD
field_477,dcfield_477,MAPPED_TO
field_477,value_477,HAS_VALUE
dataset_478,field_478,HAS_FIELD
field_478,dcfield_478,MAPPED_TO
field_478,value_478,HAS_VALUE
dataset_479,field_479,HAS_FIELD
field_479,dcfield_479,MAPPED_TO
field_479,value_479,HAS_VALUE
dataset_480,field_480,HAS_FIELD
field_480,dcfield_480,MAPPED_TO
field_480,value_480,HAS_VALUE
dataset_481,field_481,HAS_FIELD
field_481,dcfield_481,MAPPED_TO
field_481,value_481,HAS_VALUE
dataset_482,field_482,HAS_FIELD
field_482,dcfield_482,MAPPED_TO
field_482,value_482,HAS_VALUE
dataset_483,field_483,HAS_FIELD
field_483,dcfield_483,MAPPED_TO
field_483,value_483,HAS_VALUE
dataset_484,field_484,HAS_FIELD
field_484,dcfield_484,MAPPED_TO
field_484,value_484,HAS_VALUE
dataset_485,field_485,HAS_FIELD
field_485,dcfield_485,MAPPED_TO
field_485,value_485,HAS_VALUE
dataset_486,field_486,HAS_FIELD
field_486,dcfield_486,MAPPED_TO
field_486,value_486,HAS_VALUE
dataset_487,field_487,HAS_FIELD
field_487,dcfield_487,MAPPED_TO
field_487,value_487,HAS_VALUE
dataset_488,field_488,HAS_FIELD
field_488,dcfield_488,MAPPED_TO
field_488,value_488,HAS_VALUE
dataset_489,field_489,HAS_FIELD
field_489,dcfield_489,MAPPED_TO
field_489,value_489,HAS_VALUE
dataset_490,field_490,HAS_FIELD
field_490,dcfield_490,MAPPED_TO
field_490,value_490,HAS_VALUE
dataset_491,field_491,HAS_FIELD
field_491,dcfield_491,MAPPED_TO
field_491,value_491,HAS_VALUE
dataset_492,field_492,HAS_FIELD
field_492,dcfield_492,MAPPED_TO
field_492,value_492,HAS_VALUE
dataset_493,field_493,HAS_FIELD
field_493,dcfield_493,MAPPED_TO
field_493,value_493,HAS_VALUE
dataset_494,field_494,HAS_FIELD
field_494,dcfield_494,MAPPED_TO
field_494,value_494,HAS_VALUE
dataset_495,field_495,HAS_FIELD
field_495,dcfield_495,MAPPED_TO
field_495,value_495,HAS_VALUE
dataset_496,field_496,HAS_FIELD
field_496,dcfield_496,MAPPED_TO
field_496,value_496,HAS_VALUE
dataset_497,field_497,HAS_FIELD
field_497,dcfield_497,MAPPED_TO
field_497,value_497,HAS_VALUE
dataset_498,field_498,HAS_FIELD
field_498,dcfield_498,MAPPED_TO
field_498,value_498,HAS_VALUE
dataset_499,field_499,HAS_FIELD
field_499,dcfield_499,MAPPED_TO
field_499,value_499,HAS_VALUE
dataset_500,field_500,HAS_FIELD
field_500,dcfield_500,MAPPED_TO
field_500,value_500,HAS_VALUE
dataset_501,field_501,HAS_FIELD
field_501,dcfield_501,MAPPED_TO
field_501,value_501,HAS_VALUE
dataset_502,field_502,HAS_FIELD
field_502,dcfield_502,MAPPED_TO
field_502,value_502,HAS_VALUE
dataset_503,field_503,HAS_FIELD
field_503,dcfield_503,MAPPED_TO
field_503,value_503,HAS_VALUE
dataset_504,field_504,HAS_FIELD
field_504,dcfield_504,MAPPED_TO
field_504,value_504,HAS_VALUE
dataset_505,field_505,HAS_FIELD
field_505,dcfield_505,MAPPED_TO
field_505,value_505,HAS_VALUE
dataset_506,field_506,HAS_FIELD
field_506,dcfield_506,MAPPED_TO
field_506,value_506,HAS_VALUE
dataset_507,field_507,HAS_FIELD
field_507,dcfield_507,MAPPED_TO
field_507,value_507,HAS_VALUE
dataset_508,field_508,HAS_FIELD
field_508,dcfield_508,MAPPED_TO
field_508,value_508,HAS_VALUE
dataset_509,field_509,HAS_FIELD
field_509,dcfield_509,MAPPED_TO
field_509,value_509,HAS_VALUE
dataset_510,field_510,HAS_FIELD
field_510,dcfield_510,MAPPED_TO
field_510,value_510,HAS_VALUE
dataset_511,field_511,HAS_FIELD
field_511,dcfield_511,MAPPED_TO
field_511,value_511,HAS_VALUE
dataset_512,field_512,HAS_FIELD
field_512,dcfield_512,MAPPED_TO
field_512,value_512,HAS_VALUE
dataset_513,field_513,HAS_FIELD
field_513,dcfield_513,MAPPED_TO
field_513,value_513,HAS_VALUE
dataset_514,field_514,HAS_FIELD
field_514,dcfield_514,MAPPED_TO
field_514,value_514,HAS_VALUE
dataset_515,field_515,HAS_FIELD
field_515,dcfield_515,MAPPED_TO
field_515,value_515,HAS_VALUE
dataset_516,field_516,HAS_FIELD
field_516,dcfield_516,MAPPED_TO
field_516,value_516,HAS_VALUE
dataset_517,field_517,HAS_FIELD
field_517,dcfield_517,MAPPED_TO
field_517,value_517,HAS_VALUE
dataset_518,field_518,HAS_FIELD
field_518,dcfield_518,MAPPED_TO
field_518,value_518,HAS_VALUE
dataset_519,field_519,HAS_FIELD
field_519,dcfield_519,MAPPED_TO
field_519,value_519,HAS_VALUE
dataset_520,field_520,HAS_FIELD
field_520,dcfield_520,MAPPED_TO
field_520,value_520,HAS_VALUE
dataset_521,field_521,HAS_FIELD
field_521,dcfield_521,MAPPED_TO
field_521,value_521,HAS_VALUE
dataset_522,field_522,HAS_FIELD
field_522,dcfield_522,MAPPED_TO
field_522,value_522,HAS_VALUE
dataset_523,field_523,HAS_FIELD
field_523,dcfield_523,MAPPED_TO
field_523,value_523,HAS_VALUE
dataset_524,field_524,HAS_FIELD
field_524,dcfield_524,MAPPED_TO
field_524,value_524,HAS_VALUE
dataset_525,field_525,HAS_FIELD
field_525,dcfield_525,MAPPED_TO
field_525,value_525,HAS_VALUE
dataset_526,field_526,HAS_FIELD
field_526,dcfield_526,MAPPED_TO
field_526,value_526,HAS_VALUE
dataset_527,field_527,HAS_FIELD
field_527,dcfield_527,MAPPED_TO
field_527,value_527,HAS_VALUE
dataset_528,field_528,HAS_FIELD
field_528,dcfield_528,MAPPED_TO
field_528,value_528,HAS_VALUE
dataset_529,field_529,HAS_FIELD
field_529,dcfield_529,MAPPED_TO
field_529,value_529,HAS_VALUE
dataset_530,field_530,HAS_FIELD
field_530,dcfield_530,MAPPED_TO
field_530,value_530,HAS_VALUE
dataset_531,field_531,HAS_FIELD
field_531,dcfield_531,MAPPED_TO
field_531,value_531,HAS_VALUE
dataset_532,field_532,HAS_FIELD
field_532,dcfield_532,MAPPED_TO
field_532,value_532,HAS_VALUE
dataset_533,field_533,HAS_FIELD
field_533,dcfield_533,MAPPED_TO
field_533,value_533,HAS_VALUE
dataset_534,field_534,HAS_FIELD
field_534,dcfield_534,MAPPED_TO
field_534,value_534,HAS_VALUE
dataset_535,field_535,HAS_FIELD
field_535,dcfield_535,MAPPED_TO
field_535,value_535,HAS_VALUE
dataset_536,field_536,HAS_FIELD
field_536,dcfield_536,MAPPED_TO
field_536,value_536,HAS_VALUE
dataset_537,field_537,HAS_FIELD
field_537,dcfield_537,MAPPED_TO
field_537,value_537,HAS_VALUE
dataset_538,field_538,HAS_FIELD
field_538,dcfield_538,MAPPED_TO
field_538,value_538,HAS_VALUE
dataset_539,field_539,HAS_FIELD
field_539,dcfield_539,MAPPED_TO
field_539,value_539,HAS_VALUE
dataset_540,field_540,HAS_FIELD
field_540,dcfield_540,MAPPED_TO
field_540,value_540,HAS_VALUE
dataset_541,field_541,HAS_FIELD
field_541,dcfield_541,MAPPED_TO
field_541,value_541,HAS_VALUE
dataset_542,field_542,HAS_FIELD
field_542,dcfield_542,MAPPED_TO
field_542,value_542,HAS_VALUE
dataset_543,field_543,HAS_FIELD
field_543,dcfield_543,MAPPED_TO
field_543,value_543,HAS_VALUE
dataset_544,field_544,HAS_FIELD
field_544,dcfield_544,MAPPED_TO
field_544,value_544,HAS_VALUE
dataset_545,field_545,HAS_FIELD
field_545,dcfield_545,MAPPED_TO
field_545,value_545,HAS_VALUE
dataset_546,field_546,HAS_FIELD
field_546,dcfield_546,MAPPED_TO
field_546,value_546,HAS_VALUE
dataset_547,field_547,HAS_FIELD
field_547,dcfield_547,MAPPED_TO
field_547,value_547,HAS_VALUE
dataset_548,field_548,HAS_FIELD
field_548,dcfield_548,MAPPED_TO
field_548,value_548,HAS_VALUE
dataset_549,field_549,HAS_FIELD
field_549,dcfield_549,MAPPED_TO
field_549,value_549,HAS_VALUE
dataset_550,field_550,HAS_FIELD
field_550,dcfield_550,MAPPED_TO
field_550,value_550,HAS_VALUE
dataset_551,field_551,HAS_FIELD
field_551,dcfield_551,MAPPED_TO
field_551,value_551,HAS_VALUE
dataset_552,field_552,HAS_FIELD
field_552,dcfield_552,MAPPED_TO
field_552,value_552,HAS_VALUE
dataset_553,field_553,HAS_FIELD
field_553,dcfield_553,MAPPED_TO
field_553,value_553,HAS_VALUE
dataset_554,field_554,HAS_FIELD
field_554,dcfield_554,MAPPED_TO
field_554,value_554,HAS_VALUE
dataset_555,field_555,HAS_FIELD
field_555,dcfield_555,MAPPED_TO
field_555,value_555,HAS_VALUE
dataset_556,field_556,HAS_FIELD
field_556,dcfield_556,MAPPED_TO
field_556,value_556,HAS_VALUE
dataset_557,field_557,HAS_FIELD
field_557,dcfield_557,MAPPED_TO
field_557,value_557,HAS_VALUE
dataset_558,field_558,HAS_FIELD
field_558,dcfield_558,MAPPED_TO
field_558,value_558,HAS_VALUE
dataset_559,field_559,HAS_FIELD
field_559,dcfield_559,MAPPED_TO
field_559,value_559,HAS_VALUE
dataset_560,field_560,HAS_FIELD
field_560,dcfield_560,MAPPED_TO
field_560,value_560,HAS_VALUE
dataset_561,field_561,HAS_FIELD
field_561,dcfield_561,MAPPED_TO
field_561,value_561,HAS_VALUE
dataset_562,field_562,HAS_FIELD
field_562,dcfield_562,MAPPED_TO
field_562,value_562,HAS_VALUE
dataset_563,field_563,HAS_FIELD
field_563,dcfield_563,MAPPED_TO
field_563,value_563,HAS_VALUE
dataset_564,field_564,HAS_FIELD
field_564,dcfield_564,MAPPED_TO
field_564,value_564,HAS_VALUE
dataset_565,field_565,HAS_FIELD
field_565,dcfield_565,MAPPED_TO
field_565,value_565,HAS_VALUE
dataset_566,field_566,HAS_FIELD
field_566,dcfield_566,MAPPED_TO
field_566,value_566,HAS_VALUE
dataset_567,field_567,HAS_FIELD
field_567,dcfield_567,MAPPED_TO
field_567,value_567,HAS_VALUE
dataset_568,field_568,HAS_FIELD
field_568,dcfield_568,MAPPED_TO
field_568,value_568,HAS_VALUE
dataset_569,field_569,HAS_FIELD
field_569,dcfield_569,MAPPED_TO
field_569,value_569,HAS_VALUE
dataset_570,field_570,HAS_FIELD
field_570,dcfield_570,MAPPED_TO
field_570,value_570,HAS_VALUE
dataset_571,field_571,HAS_FIELD
field_571,dcfield_571,MAPPED_TO
field_571,value_571,HAS_VALUE
dataset_572,field_572,HAS_FIELD
field_572,dcfield_572,MAPPED_TO
field_572,value_572,HAS_VALUE
dataset_573,field_573,HAS_FIELD
field_573,dcfield_573,MAPPED_TO
field_573,value_573,HAS_VALUE
dataset_574,field_574,HAS_FIELD
field_574,dcfield_574,MAPPED_TO
field_574,value_574,HAS_VALUE
dataset_575,field_575,HAS_FIELD
field_575,dcfield_575,MAPPED_TO
field_575,value_575,HAS_VALUE
dataset_576,field_576,HAS_FIELD
field_576,dcfield_576,MAPPED_TO
field_576,value_576,HAS_VALUE
dataset_577,field_577,HAS_FIELD
field_577,dcfield_577,MAPPED_TO
field_577,value_577,HAS_VALUE
dataset_578,field_578,HAS_FIELD
field_578,dcfield_578,MAPPED_TO
field_578,value_578,HAS_VALUE
dataset_579,field_579,HAS_FIELD
field_579,dcfield_579,MAPPED_TO
field_579,value_579,HAS_VALUE
dataset_580,field_580,HAS_FIELD
field_580,dcfield_580,MAPPED_TO
field_580,value_580,HAS_VALUE
dataset_581,field_581,HAS_FIELD
field_581,dcfield_581,MAPPED_TO
field_581,value_581,HAS_VALUE
dataset_582,field_582,HAS_FIELD
field_582,dcfield_582,MAPPED_TO
field_582,value_582,HAS_VALUE
dataset_583,field_583,HAS_FIELD
field_583,dcfield_583,MAPPED_TO
field_583,value_583,HAS_VALUE
dataset_584,field_584,HAS_FIELD
field_584,dcfield_584,MAPPED_TO
field_584,value_584,HAS_VALUE
dataset_585,field_585,HAS_FIELD
field_585,dcfield_585,MAPPED_TO
field_585,value_585,HAS_VALUE
dataset_586,field_586,HAS_FIELD
field_586,dcfield_586,MAPPED_TO
field_586,value_586,HAS_VALUE
dataset_587,field_587,HAS_FIELD
field_587,dcfield_587,MAPPED_TO
field_587,value_587,HAS_VALUE
dataset_588,field_588,HAS_FIELD
field_588,dcfield_588,MAPPED_TO
field_588,value_588,HAS_VALUE
dataset_589,field_589,HAS_FIELD
field_589,dcfield_589,MAPPED_TO
field_589,value_589,HAS_VALUE
dataset_590,field_590,HAS_FIELD
field_590,dcfield_590,MAPPED_TO
field_590,value_590,HAS_VALUE
dataset_591,field_591,HAS_FIELD
field_591,dcfield_591,MAPPED_TO
field_591,value_591,HAS_VALUE
dataset_592,field_592,HAS_FIELD
field_592,dcfield_592,MAPPED_TO
field_592,value_592,HAS_VALUE
dataset_593,field_593,HAS_FIELD
field_593,dcfield_593,MAPPED_TO
field_593,value_593,HAS_VALUE
dataset_594,field_594,HAS_FIELD
field_594,dcfield_594,MAPPED_TO
field_594,value_594,HAS_VALUE
dataset_595,field_595,HAS_FIELD
field_595,dcfield_595,MAPPED_TO
field_595,value_595,HAS_VALUE
dataset_596,field_596,HAS_FIELD
field_596,dcfield_596,MAPPED_TO
field_596,value_596,HAS_VALUE
dataset_597,field_597,HAS_FIELD
field_597,dcfield_597,MAPPED_TO
field_597,value_597,HAS_VALUE
dataset_598,field_598,HAS_FIELD
field_598,dcfield_598,MAPPED_TO
field_598,value_598,HAS_VALUE
dataset_599,field_599,HAS_FIELD
field_599,dcfield_599,MAPPED_TO
field_599,value_599,HAS_VALUE
dataset_600,field_600,HAS_FIELD
field_600,dcfield_600,MAPPED_TO
field_600,value_600,HAS_VALUE
dataset_601,field_601,HAS_FIELD
field_601,dcfield_601,MAPPED_TO
field_601,value_601,HAS_VALUE
dataset_602,field_602,HAS_FIELD
field_602,dcfield_602,MAPPED_TO
field_602,value_602,HAS_VALUE
dataset_603,field_603,HAS_FIELD
field_603,dcfield_603,MAPPED_TO
field_603,value_603,HAS_VALUE
dataset_604,field_604,HAS_FIELD
field_604,dcfield_604,MAPPED_TO
field_604,value_604,HAS_VALUE
dataset_605,field_605,HAS_FIELD
field_605,dcfield_605,MAPPED_TO
field_605,value_605,HAS_VALUE
dataset_606,field_606,HAS_FIELD
field_606,dcfield_606,MAPPED_TO
field_606,value_606,HAS_VALUE
dataset_607,field_607,HAS_FIELD
field_607,dcfield_607,MAPPED_TO
field_607,value_607,HAS_VALUE
dataset_608,field_608,HAS_FIELD
field_608,dcfield_608,MAPPED_TO
field_608,value_608,HAS_VALUE
dataset_609,field_609,HAS_FIELD
field_609,dcfield_609,MAPPED_TO
field_609,value_609,HAS_VALUE
dataset_610,field_610,HAS_FIELD
field_610,dcfield_610,MAPPED_TO
field_610,value_610,HAS_VALUE
dataset_611,field_611,HAS_FIELD
field_611,dcfield_611,MAPPED_TO
field_611,value_611,HAS_VALUE
dataset_612,field_612,HAS_FIELD
field_612,dcfield_612,MAPPED_TO
field_612,value_612,HAS_VALUE
dataset_613,field_613,HAS_FIELD
field_613,dcfield_613,MAPPED_TO
field_613,value_613,HAS_VALUE
dataset_614,field_614,HAS_FIELD
field_614,dcfield_614,MAPPED_TO
field_614,value_614,HAS_VALUE
dataset_615,field_615,HAS_FIELD
field_615,dcfield_615,MAPPED_TO
field_615,value_615,HAS_VALUE
dataset_616,field_616,HAS_FIELD
field_616,dcfield_616,MAPPED_TO
field_616,value_616,HAS_VALUE
dataset_617,field_617,HAS_FIELD
field_617,dcfield_617,MAPPED_TO
field_617,value_617,HAS_VALUE
dataset_618,field_618,HAS_FIELD
field_618,dcfield_618,MAPPED_TO
field_618,value_618,HAS_VALUE
dataset_619,field_619,HAS_FIELD
field_619,dcfield_619,MAPPED_TO
field_619,value_619,HAS_VALUE
dataset_620,field_620,HAS_FIELD
field_620,dcfield_620,MAPPED_TO
field_620,value_620,HAS_VALUE
dataset_621,field_621,HAS_FIELD
field_621,dcfield_621,MAPPED_TO
field_621,value_621,HAS_VALUE
dataset_622,field_622,HAS_FIELD
field_622,dcfield_622,MAPPED_TO
field_622,value_622,HAS_VALUE
dataset_623,field_623,HAS_FIELD
field_623,dcfield_623,MAPPED_TO
field_623,value_623,HAS_VALUE
dataset_624,field_624,HAS_FIELD
field_624,dcfield_624,MAPPED_TO
field_624,value_624,HAS_VALUE
dataset_625,field_625,HAS_FIELD
field_625,dcfield_625,MAPPED_TO
field_625,value_625,HAS_VALUE
dataset_626,field_626,HAS_FIELD
field_626,dcfield_626,MAPPED_TO
field_626,value_626,HAS_VALUE
dataset_627,field_627,HAS_FIELD
field_627,dcfield_627,MAPPED_TO
field_627,value_627,HAS_VALUE
dataset_628,field_628,HAS_FIELD
field_628,dcfield_628,MAPPED_TO
field_628,value_628,HAS_VALUE
dataset_629,field_629,HAS_FIELD
field_629,dcfield_629,MAPPED_TO
field_629,value_629,HAS_VALUE
dataset_630,field_630,HAS_FIELD
field_630,dcfield_630,MAPPED_TO
field_630,value_630,HAS_VALUE
dataset_631,field_631,HAS_FIELD
field_631,dcfield_631,MAPPED_TO
field_631,value_631,HAS_VALUE
dataset_632,field_632,HAS_FIELD
field_632,dcfield_632,MAPPED_TO
field_632,value_632,HAS_VALUE
dataset_633,field_633,HAS_FIELD
field_633,dcfield_633,MAPPED_TO
field_633,value_633,HAS_VALUE
dataset_634,field_634,HAS_FIELD
field_634,dcfield_634,MAPPED_TO
field_634,value_634,HAS_VALUE
dataset_635,field_635,HAS_FIELD
field_635,dcfield_635,MAPPED_TO
field_635,value_635,HAS_VALUE
dataset_636,field_636,HAS_FIELD
field_636,dcfield_636,MAPPED_TO
field_636,value_636,HAS_VALUE
dataset_637,field_637,HAS_FIELD
field_637,dcfield_637,MAPPED_TO
field_637,value_637,HAS_VALUE
dataset_638,field_638,HAS_FIELD
field_638,dcfield_638,MAPPED_TO
field_638,value_638,HAS_VALUE
dataset_639,field_639,HAS_FIELD
field_639,dcfield_639,MAPPED_TO
field_639,value_639,HAS_VALUE
dataset_640,field_640,HAS_FIELD
field_640,dcfield_640,MAPPED_TO
field_640,value_640,HAS_VALUE
dataset_641,field_641,HAS_FIELD
field_641,dcfield_641,MAPPED_TO
field_641,value_641,HAS_VALUE
dataset_642,field_642,HAS_FIELD
field_642,dcfield_642,MAPPED_TO
field_642,value_642,HAS_VALUE
dataset_643,field_643,HAS_FIELD
field_643,dcfield_643,MAPPED_TO
field_643,value_643,HAS_VALUE
dataset_644,field_644,HAS_FIELD
field_644,dcfield_644,MAPPED_TO
field_644,value_644,HAS_VALUE
dataset_645,field_645,HAS_FIELD
field_645,dcfield_645,MAPPED_TO
field_645,value_645,HAS_VALUE
dataset_646,field_646,HAS_FIELD
field_646,dcfield_646,MAPPED_TO
field_646,value_646,HAS_VALUE
dataset_647,field_647,HAS_FIELD
field_647,dcfield_647,MAPPED_TO
field_647,value_647,HAS_VALUE
dataset_648,field_648,HAS_FIELD
field_648,dcfield_648,MAPPED_TO
field_648,value_648,HAS_VALUE
dataset_649,field_649,HAS_FIELD
field_649,dcfield_649,MAPPED_TO
field_649,value_649,HAS_VALUE
dataset_650,field_650,HAS_FIELD
field_650,dcfield_650,MAPPED_TO
field_650,value_650,HAS_VALUE
dataset_651,field_651,HAS_FIELD
field_651,dcfield_651,MAPPED_TO
field_651,value_651,HAS_VALUE
dataset_652,field_652,HAS_FIELD
field_652,dcfield_652,MAPPED_TO
field_652,value_652,HAS_VALUE
dataset_653,field_653,HAS_FIELD
field_653,dcfield_653,MAPPED_TO
field_653,value_653,HAS_VALUE
dataset_654,field_654,HAS_FIELD
field_654,dcfield_654,MAPPED_TO
field_654,value_654,HAS_VALUE
dataset_655,field_655,HAS_FIELD
field_655,dcfield_655,MAPPED_TO
field_655,value_655,HAS_VALUE
dataset_656,field_656,HAS_FIELD
field_656,dcfield_656,MAPPED_TO
field_656,value_656,HAS_VALUE
dataset_657,field_657,HAS_FIELD
field_657,dcfield_657,MAPPED_TO
field_657,value_657,HAS_VALUE
dataset_658,field_658,HAS_FIELD
field_658,dcfield_658,MAPPED_TO
field_658,value_658,HAS_VALUE
dataset_659,field_659,HAS_FIELD
field_659,dcfield_659,MAPPED_TO
field_659,value_659,HAS_VALUE
dataset_660,field_660,HAS_FIELD
field_660,dcfield_660,MAPPED_TO
field_660,value_660,HAS_VALUE
dataset_661,field_661,HAS_FIELD
field_661,dcfield_661,MAPPED_TO
field_661,value_661,HAS_VALUE
dataset_662,field_662,HAS_FIELD
field_662,dcfield_662,MAPPED_TO
field_662,value_662,HAS_VALUE
dataset_663,field_663,HAS_FIELD
field_663,dcfield_663,MAPPED_TO
field_663,value_663,HAS_VALUE
dataset_664,field_664,HAS_FIELD
field_664,dcfield_664,MAPPED_TO
field_664,value_664,HAS_VALUE
dataset_665,field_665,HAS_FIELD
field_665,dcfield_665,MAPPED_TO
field_665,value_665,HAS_VALUE
dataset_666,field_666,HAS_FIELD
field_666,dcfield_666,MAPPED_TO
field_666,value_666,HAS_VALUE
dataset_667,field_667,HAS_FIELD
field_667,dcfield_667,MAPPED_TO
field_667,value_667,HAS_VALUE
dataset_668,field_668,HAS_FIELD
field_668,dcfield_668,MAPPED_TO
field_668,value_668,HAS_VALUE
dataset_669,field_669,HAS_FIELD
field_669,dcfield_669,MAPPED_TO
field_669,value_669,HAS_VALUE
dataset_670,field_670,HAS_FIELD
field_670,dcfield_670,MAPPED_TO
field_670,value_670,HAS_VALUE
dataset_671,field_671,HAS_FIELD
field_671,dcfield_671,MAPPED_TO
field_671,value_671,HAS_VALUE
dataset_672,field_672,HAS_FIELD
field_672,dcfield_672,MAPPED_TO
field_672,value_672,HAS_VALUE
dataset_673,field_673,HAS_FIELD
field_673,dcfield_673,MAPPED_TO
field_673,value_673,HAS_VALUE
dataset_674,field_674,HAS_FIELD
field_674,dcfield_674,MAPPED_TO
field_674,value_674,HAS_VALUE
dataset_675,field_675,HAS_FIELD
field_675,dcfield_675,MAPPED_TO
field_675,value_675,HAS_VALUE
dataset_676,field_676,HAS_FIELD
field_676,dcfield_676,MAPPED_TO
field_676,value_676,HAS_VALUE
dataset_677,field_677,HAS_FIELD
field_677,dcfield_677,MAPPED_TO
field_677,value_677,HAS_VALUE
dataset_678,field_678,HAS_FIELD
field_678,dcfield_678,MAPPED_TO
field_678,value_678,HAS_VALUE
dataset_679,field_679,HAS_FIELD
field_679,dcfield_679,MAPPED_TO
field_679,value_679,HAS_VALUE
dataset_680,field_680,HAS_FIELD
field_680,dcfield_680,MAPPED_TO
field_680,value_680,HAS_VALUE
dataset_681,field_681,HAS_FIELD
field_681,dcfield_681,MAPPED_TO
field_681,value_681,HAS_VALUE
dataset_682,field_682,HAS_FIELD
field_682,dcfield_682,MAPPED_TO
field_682,value_682,HAS_VALUE
dataset_683,field_683,HAS_FIELD
field_683,dcfield_683,MAPPED_TO
field_683,value_683,HAS_VALUE
dataset_684,field_684,HAS_FIELD
field_684,dcfield_684,MAPPED_TO
field_684,value_684,HAS_VALUE
dataset_685,field_685,HAS_FIELD
field_685,dcfield_685,MAPPED_TO
field_685,value_685,HAS_VALUE
dataset_686,field_686,HAS_FIELD
field_686,dcfield_686,MAPPED_TO
field_686,value_686,HAS_VALUE
dataset_687,field_687,HAS_FIELD
field_687,dcfield_687,MAPPED_TO
field_687,value_687,HAS_VALUE
dataset_688,field_688,HAS_FIELD
field_688,dcfield_688,MAPPED_TO
field_688,value_688,HAS_VALUE
dataset_689,field_689,HAS_FIELD
field_689,dcfield_689,MAPPED_TO
field_689,value_689,HAS_VALUE
dataset_690,field_690,HAS_FIELD
field_690,dcfield_690,MAPPED_TO
field_690,value_690,HAS_VALUE
dataset_691,field_691,HAS_FIELD
field_691,dcfield_691,MAPPED_TO
field_691,value_691,HAS_VALUE
dataset_692,field_692,HAS_FIELD
field_692,dcfield_692,MAPPED_TO
field_692,value_692,HAS_VALUE
dataset_693,field_693,HAS_FIELD
field_693,dcfield_693,MAPPED_TO
field_693,value_693,HAS_VALUE
dataset_694,field_694,HAS_FIELD
field_694,dcfield_694,MAPPED_TO
field_694,value_694,HAS_VALUE
dataset_695,field_695,HAS_FIELD
field_695,dcfield_695,MAPPED_TO
field_695,value_695,HAS_VALUE
dataset_696,field_696,HAS_FIELD
field_696,dcfield_696,MAPPED_TO
field_696,value_696,HAS_VALUE
dataset_697,field_697,HAS_FIELD
field_697,dcfield_697,MAPPED_TO
field_697,value_697,HAS_VALUE
dataset_698,field_698,HAS_FIELD
field_698,dcfield_698,MAPPED_TO
field_698,value_698,HAS_VALUE
dataset_699,field_699,HAS_FIELD
field_699,dcfield_699,MAPPED_TO
field_699,value_699,HAS_VALUE
dataset_700,field_700,HAS_FIELD
field_700,dcfield_700,MAPPED_TO
field_700,value_700,HAS_VALUE
dataset_701,field_701,HAS_FIELD
field_701,dcfield_701,MAPPED_TO
field_701,value_701,HAS_VALUE
dataset_702,field_702,HAS_FIELD
field_702,dcfield_702,MAPPED_TO
field_702,value_702,HAS_VALUE
dataset_703,field_703,HAS_FIELD
field_703,dcfield_703,MAPPED_TO
field_703,value_703,HAS_VALUE
dataset_704,field_704,HAS_FIELD
field_704,dcfield_704,MAPPED_TO
field_704,value_704,HAS_VALUE
